fleurs id,file path,filename,language,lcode,iso 639-3,iso 15924,transcription,romanized transcription,duration,acoustic_id
,/ssd2/sangmin/datasets/commonvoice22/Bashkir/cv-corpus-22.0-2025-06-20/ba/clips/common_voice_ba_25799938.mp3,common_voice_ba_25799938.mp3,Bashkir,bak_Cyrl,bak,Cyrl,Баҫалҡы Мәғәмүрә яурындарын һикертте.,basalky meghemure yauryndaryn shhikertte,5.148,"157,233,203,33,188,147,191,0,101,254,124,115,33,186,214,10,254,0,46,74,77,10,16,101,80,33,167,16,14,0,14,32,183,190,147,173,84,68,73,74"
,/ssd2/sangmin/datasets/commonvoice22/Bashkir/cv-corpus-22.0-2025-06-20/ba/clips/common_voice_ba_25871365.mp3,common_voice_ba_25871365.mp3,Bashkir,bak_Cyrl,bak,Cyrl,"Ҡайһы бер йыуаштары ҡыймайынса, уйлап ҡарарға вәғәҙә биреп китһәләр ҙә, күбеһе туранан-тура ҡарышты.",kaishhy ber iyuashtary kyimaiynsa uilap karargha vegheze birep kitshheler ze kubeshhe turanantura karyshty,7.956,"73,33,86,86,205,254,254,0,80,138,181,0,39,165,159,117,240,111,211,9,10,256,0,25,216,86,78,9,57,245,248,128,74,0,64,249,69,33,232,0,73,115,217,9,181,124,124,33,0,237,117,124,130,9,90,254,0,180,245,87,22,232,0,147,85,198,211,32,19,252,69,138,181,0,90,57,0,147,64,224,138,57,57,57,65,0,192,200,167,249,170,9,160,242,64,181,178,0,147,154,10,231,240,111,73,65"
,/ssd2/sangmin/datasets/commonvoice22/Bashkir/cv-corpus-22.0-2025-06-20/ba/clips/common_voice_ba_25888446.mp3,common_voice_ba_25888446.mp3,Bashkir,bak_Cyrl,bak,Cyrl,- Ғабдулла ла Айҙар! - тип ғорурланып яуап ҡайтарҙы Яҡуп.,ghabdulla la aizar tip ghorurlanyp yauap kaitarzy yakup,4.5,"124,124,117,232,80,188,77,69,113,0,69,33,0,57,245,90,33,167,0,151,37,232,0,215,215,214,181,120,84,69,74,101,191,192,0,39,74,159,188,93,0,192,9,49,211,19,84,90,19,0,39,178,73,116,68"
,/ssd2/sangmin/datasets/commonvoice22/Bashkir/cv-corpus-22.0-2025-06-20/ba/clips/common_voice_ba_25888961.mp3,common_voice_ba_25888961.mp3,Bashkir,bak_Cyrl,bak,Cyrl,Үрҙә һаналған хаталарығыҙҙы выговор биреп тә төҙәтеп булыр ине.,urze shhanalghan khatalaryghyzzy vygovor birep te tozetep bulyr ine,5.004,"77,87,90,254,0,32,168,28,9,160,117,96,124,233,113,44,0,32,43,9,192,19,159,9,181,44,124,256,44,90,90,254,0,90,188,124,191,237,31,181,0,157,183,87,37,232,0,73,9,0,211,107,237,9,73,19,224,0,157,64,104,249,10,0,245,210,6"
,/ssd2/sangmin/datasets/commonvoice22/Bashkir/cv-corpus-22.0-2025-06-20/ba/clips/common_voice_ba_25914059.mp3,common_voice_ba_25914059.mp3,Bashkir,bak_Cyrl,bak,Cyrl,Бесән наҡыҫ булыуҙан күтәртеү хәленә еткән һыйыр ауыр быҙауланы.,besen nakys bulyuzan kuterteu khelene etken shhyiyr auyr byzaulany,5.22,"13,37,164,115,160,0,101,33,73,191,203,0,40,214,77,188,249,90,74,14,0,147,64,242,9,84,211,254,191,0,32,43,9,217,245,101,256,0,37,192,221,9,210,0,32,32,19,65,39,254,10,0,28,77,249,181,0,157,249,90,117,51,159,74,210,24"
,/ssd2/sangmin/datasets/commonvoice22/Bashkir/cv-corpus-22.0-2025-06-20/ba/clips/common_voice_ba_26336822.mp3,common_voice_ba_26336822.mp3,Bashkir,bak_Cyrl,bak,Cyrl,Тағы уятам.,taghy uyatam,3.276,"100,33,124,124,254,0,77,39,9,198,74,186"
,/ssd2/sangmin/datasets/commonvoice22/Bashkir/cv-corpus-22.0-2025-06-20/ba/clips/common_voice_ba_26344282.mp3,common_voice_ba_26344282.mp3,Bashkir,bak_Cyrl,bak,Cyrl,Район хакимиәте башлығы йәштәргә торлаҡ шарттарын яҡшыртыу өсөн сертификаттар тапшырҙы.,raion khakimiete bashlyghy ieshterge torlak sharttaryn yakshyrtyu oson sertifikattar tapshyrzy,6.12,"167,9,39,254,205,0,32,32,113,147,183,14,138,254,68,254,0,157,9,240,111,12,256,124,124,254,0,39,114,240,111,211,115,87,124,113,0,73,19,10,69,117,25,0,240,43,115,84,68,211,9,181,96,101,0,39,9,4,240,43,19,84,198,120,216,0,114,164,19,61,0,168,37,87,119,37,203,37,147,9,68,73,9,84,0,198,178,25,168,255,19,10,90,24"
,/ssd2/sangmin/datasets/commonvoice22/Bashkir/cv-corpus-22.0-2025-06-20/ba/clips/common_voice_ba_26349338.mp3,common_voice_ba_26349338.mp3,Bashkir,bak_Cyrl,bak,Cyrl,— Һиңә лә кәрәкме?,shhine le kerekme,3.06,"185,240,255,183,14,57,0,69,114,0,147,76,87,9,68,78,24"
,/ssd2/sangmin/datasets/commonvoice22/Bashkir/cv-corpus-22.0-2025-06-20/ba/clips/common_voice_ba_26360628.mp3,common_voice_ba_26360628.mp3,Bashkir,bak_Cyrl,bak,Cyrl,Бөгөн хушлашабыҙ.,bogon khushlashabyz,3.348,"180,58,124,120,101,0,215,215,249,179,111,217,9,109,255,2,242,249,12"
,/ssd2/sangmin/datasets/commonvoice22/Bashkir/cv-corpus-22.0-2025-06-20/ba/clips/common_voice_ba_26376456.mp3,common_voice_ba_26376456.mp3,Bashkir,bak_Cyrl,bak,Cyrl,"Батша ла, аты ла һыуһаған.",batsha la aty la shhyushhaghan,4.428,"157,233,231,240,255,233,0,69,33,0,9,198,9,0,188,117,0,32,32,32,214,155,32,32,74,140,124,140,74,155"
,/ssd2/sangmin/datasets/commonvoice22/Bashkir/cv-corpus-22.0-2025-06-20/ba/clips/common_voice_ba_26212211.mp3,common_voice_ba_26212211.mp3,Bashkir,bak_Cyrl,bak,Cyrl,"Балтаң булмаһа, урманға барма.",baltan bulmashha urmangha barma,3.528,"180,214,51,73,117,61,0,88,64,69,78,233,104,32,99,99,0,64,10,78,117,61,124,103,117,0,237,178,84,186,74"
,/ssd2/sangmin/datasets/commonvoice22/Bashkir/cv-corpus-22.0-2025-06-20/ba/clips/common_voice_ba_26461669.mp3,common_voice_ba_26461669.mp3,Bashkir,bak_Cyrl,bak,Cyrl,"Алдағы айҙарҙа, әлбиттә, йыл миҙгелдәренә ярашлы үткәрелеүсе башҡа күп төрлө традицион спорт саралары ҡаралған.",aldaghy aizarza elbitte iyl mizgelderene yarashly utkereleuse bashka kup torlo traditsion sport saralary karalghan,9.828,"28,69,91,74,124,43,191,0,28,217,69,9,148,90,9,0,28,69,224,37,75,73,57,0,155,138,191,0,101,183,37,26,19,69,69,57,173,40,170,154,0,39,165,181,140,240,255,69,74,0,64,211,147,9,10,84,8,116,116,79,57,0,242,178,240,148,198,117,0,198,200,93,0,100,19,87,69,114,0,73,112,181,242,183,179,119,255,120,61,0,111,3,214,31,179,0,128,115,181,117,159,76,167,19,0,198,76,167,178,51,32,140,145,110"
,/ssd2/sangmin/datasets/commonvoice22/Bashkir/cv-corpus-22.0-2025-06-20/ba/clips/common_voice_ba_26462581.mp3,common_voice_ba_26462581.mp3,Bashkir,bak_Cyrl,bak,Cyrl,Яңғыҙым.,yanghyzym,2.556,"39,117,14,14,43,9,232,74,186"
,/ssd2/sangmin/datasets/commonvoice22/Bashkir/cv-corpus-22.0-2025-06-20/ba/clips/common_voice_ba_26462925.mp3,common_voice_ba_26462925.mp3,Bashkir,bak_Cyrl,bak,Cyrl,Әммә кешелек милләттәр һәм конфессиялар араһындағы мөнәсәбәттәрҙең ҡатмарлаша барыуын иғтибарға алмаған булып сыҡты.,emme keshelek milletter shhem konfessiyalar arashhyndaghy monesebetterzen katmarlasha baryuyn ightibargha almaghan bulyp sykty,8.316,"57,16,104,191,0,147,138,240,240,107,69,37,198,0,150,106,217,130,114,75,193,138,84,0,32,109,76,74,35,0,147,19,248,155,183,42,164,255,4,182,237,233,204,0,28,167,117,32,32,44,35,248,88,9,124,140,178,0,210,51,210,140,128,19,237,114,198,193,76,167,84,11,218,0,147,117,68,78,233,10,69,178,109,255,33,0,224,146,10,117,51,249,210,0,140,73,4,211,183,180,76,181,66,232,89,0,117,51,51,178,124,103,117,35,0,88,171,96,96,198,0,164,178,148,73,24"
,/ssd2/sangmin/datasets/commonvoice22/Bashkir/cv-corpus-22.0-2025-06-20/ba/clips/common_voice_ba_26203386.mp3,common_voice_ba_26203386.mp3,Bashkir,bak_Cyrl,bak,Cyrl,Буш тоҡ тура ултырмаҫ.,bush tok tura ultyrmas,3.816,"155,64,109,79,0,41,188,192,0,193,64,181,33,0,214,69,73,31,10,78,33,92"
,/ssd2/sangmin/datasets/commonvoice22/Bashkir/cv-corpus-22.0-2025-06-20/ba/clips/common_voice_ba_26204404.mp3,common_voice_ba_26204404.mp3,Bashkir,bak_Cyrl,bak,Cyrl,— Кесерткәндән?,kesertkenden,2.808,"147,37,179,19,87,192,147,9,14,80,74,205"
,/ssd2/sangmin/datasets/commonvoice22/Bashkir/cv-corpus-22.0-2025-06-20/ba/clips/common_voice_ba_26205096.mp3,common_voice_ba_26205096.mp3,Bashkir,bak_Cyrl,bak,Cyrl,Тикшеренеүҙәр һөҙөмтә бирмәне.,tikshereneuzer shhozomte birmene,4.068,"73,37,221,109,255,19,181,254,101,120,77,91,9,10,0,32,32,53,37,91,9,101,192,33,0,232,37,10,78,74,210,24"
,/ssd2/sangmin/datasets/commonvoice22/Bashkir/cv-corpus-22.0-2025-06-20/ba/clips/common_voice_ba_26220694.mp3,common_voice_ba_26220694.mp3,Bashkir,bak_Cyrl,bak,Cyrl,Ғариф ҡыймай ғына ҡаршы төштө:,gharif kyimai ghyna karshy toshto,3.708,"124,159,9,148,37,232,0,73,138,245,78,9,254,0,205,191,16,170,33,0,147,233,10,240,255,19,0,73,19,240,111,198,57"
,/ssd2/sangmin/datasets/commonvoice22/Bashkir/cv-corpus-22.0-2025-06-20/ba/clips/common_voice_ba_26448723.mp3,common_voice_ba_26448723.mp3,Bashkir,bak_Cyrl,bak,Cyrl,"Һиңә клуб та, концерт та, ауыл да кәрәкмәй.",shhine klub ta kontsert ta auyl da kerekmei,5.148,"185,32,107,245,210,256,0,192,77,64,232,0,211,74,0,147,76,248,232,128,19,10,68,0,54,74,0,28,104,171,249,0,242,114,0,147,43,181,178,25,40,65,6"
,/ssd2/sangmin/datasets/commonvoice22/Bashkir/cv-corpus-22.0-2025-06-20/ba/clips/common_voice_ba_26448991.mp3,common_voice_ba_26448991.mp3,Bashkir,bak_Cyrl,bak,Cyrl,"Ысынлап та, кәрәкмәҫ.",ysynlap ta kerekmes,2.376,"19,179,40,160,217,117,232,0,211,178,0,73,19,181,178,68,40,24,241"
,/ssd2/sangmin/datasets/commonvoice22/Bashkir/cv-corpus-22.0-2025-06-20/ba/clips/common_voice_ba_26488131.mp3,common_voice_ba_26488131.mp3,Bashkir,bak_Cyrl,bak,Cyrl,Юҡ!!!,yuk,2.556,"39,188,147"
,/ssd2/sangmin/datasets/commonvoice22/Bashkir/cv-corpus-22.0-2025-06-20/ba/clips/common_voice_ba_26489338.mp3,common_voice_ba_26489338.mp3,Bashkir,bak_Cyrl,bak,Cyrl,Һаулыҡ һораша торғайны.,shhaulyk shhorasha torghainy,3.348,"32,32,43,117,51,217,44,68,0,215,32,19,31,10,9,179,255,9,0,192,19,10,124,103,74,50,210,24"
,/ssd2/sangmin/datasets/commonvoice22/Bashkir/cv-corpus-22.0-2025-06-20/ba/clips/common_voice_ba_26492891.mp3,common_voice_ba_26492891.mp3,Bashkir,bak_Cyrl,bak,Cyrl,"Электән йөрөгән кешеләр бер-береһен белә, аралаша ул, тик башҡаларҙы ла тупларға ине.",elekten iorogen kesheler berbereshhen bele aralasha ul tik bashkalarzy la tuplargha ine,6.768,"138,170,190,4,211,254,160,0,39,64,87,8,216,256,98,0,198,183,240,240,182,69,9,10,0,224,31,102,224,31,181,57,231,32,138,245,61,0,157,19,69,74,0,28,10,117,159,117,240,240,76,0,171,34,0,162,37,198,0,40,9,240,111,198,200,159,33,10,237,19,0,69,9,0,198,19,198,69,117,96,124,140,9,0,65,210,6"
,/ssd2/sangmin/datasets/commonvoice22/Bashkir/cv-corpus-22.0-2025-06-20/ba/clips/common_voice_ba_26384709.mp3,common_voice_ba_26384709.mp3,Bashkir,bak_Cyrl,bak,Cyrl,"Хәмит, бында ниңә килдең?",khemit bynda nine kilden,3.168,"109,32,254,101,86,73,0,78,9,101,250,9,0,101,86,191,191,0,192,138,245,250,9,61"
,/ssd2/sangmin/datasets/commonvoice22/Bashkir/cv-corpus-22.0-2025-06-20/ba/clips/common_voice_ba_26397727.mp3,common_voice_ba_26397727.mp3,Bashkir,bak_Cyrl,bak,Cyrl,Өсөһө лә алкаш.,ososhho le alkash,2.376,"37,128,254,32,32,138,37,0,69,9,0,117,96,147,74,240,109"
,/ssd2/sangmin/datasets/commonvoice22/Bashkir/cv-corpus-22.0-2025-06-20/ba/clips/common_voice_ba_26401838.mp3,common_voice_ba_26401838.mp3,Bashkir,bak_Cyrl,bak,Cyrl,"Күп булһа, эштән ҡыуырҙар!",kup bulshha eshten kyuyrzar,3.096,"147,214,180,0,88,214,44,32,32,115,113,0,37,240,111,73,115,61,0,192,214,237,249,10,90,74,167"
,/ssd2/sangmin/datasets/commonvoice22/Bashkir/cv-corpus-22.0-2025-06-20/ba/clips/common_voice_ba_26405355.mp3,common_voice_ba_26405355.mp3,Bashkir,bak_Cyrl,bak,Cyrl,Ә бынан өс йыл элек мин икенсе карапта йөҙгәндә ошо утрауҙы күреп ҡалдыҡ.,e bynan os iyl elek min ikense karapta iozgende osho utrauzy kurep kaldyk,6.048,"117,0,180,249,101,113,160,0,37,179,0,255,19,217,0,216,69,37,75,0,101,227,227,0,53,147,19,248,164,19,0,147,76,167,178,68,73,9,0,39,245,90,124,9,14,88,254,0,214,179,240,120,0,64,68,181,115,256,90,64,0,73,200,167,177,25,0,147,117,69,80,178,68"
,/ssd2/sangmin/datasets/commonvoice22/Bashkir/cv-corpus-22.0-2025-06-20/ba/clips/common_voice_ba_26415005.mp3,common_voice_ba_26415005.mp3,Bashkir,bak_Cyrl,bak,Cyrl,Сумкаларҙы төпкө бүлмәгә индереп ҡуй!,sumkalarzy topko bulmege inderep kui,3.888,"7,214,205,147,115,69,33,167,90,57,0,73,19,232,147,64,0,224,64,69,78,115,26,254,0,86,102,211,19,87,22,68,0,147,249,6"
,/ssd2/sangmin/datasets/commonvoice22/Bashkir/cv-corpus-22.0-2025-06-20/ba/clips/common_voice_ba_26116910.mp3,common_voice_ba_26116910.mp3,Bashkir,bak_Cyrl,bak,Cyrl,Эремсек,eremsek,3.06,"57,167,254,98,164,57,75"
,/ssd2/sangmin/datasets/commonvoice22/Bashkir/cv-corpus-22.0-2025-06-20/ba/clips/common_voice_ba_26354324.mp3,common_voice_ba_26354324.mp3,Bashkir,bak_Cyrl,bak,Cyrl,"Эсмәүең, тартмауың, ябайлығың бер ҡарауҙа күренеп тора.",esmeuen tartmauyn yabailyghyn ber karauza kurenep tora,5.328,"53,179,170,9,77,254,61,0,193,76,84,68,78,117,77,74,61,0,46,9,157,9,245,69,178,124,124,19,14,0,180,254,96,0,221,76,181,117,249,242,9,0,147,200,87,50,170,22,75,0,73,112,167,24"
,/ssd2/sangmin/datasets/commonvoice22/Bashkir/cv-corpus-22.0-2025-06-20/ba/clips/common_voice_ba_26441615.mp3,common_voice_ba_26441615.mp3,Bashkir,bak_Cyrl,bak,Cyrl,"Бына Мәсем: Урал ташына баҫып, халҡына йыр яҙған шағир ҡурайсы...",byna mesem ural tashyna basyp khalkyna iyr yazghan shaghir kuraisy,6.516,"157,178,210,33,0,78,254,164,245,210,0,171,10,117,191,0,211,9,240,255,19,170,117,0,157,117,203,19,25,0,215,32,117,96,147,19,170,76,0,39,254,181,0,39,9,90,124,140,74,61,0,168,240,74,124,124,138,96,0,215,171,167,178,190,128,24"
,/ssd2/sangmin/datasets/commonvoice22/Bashkir/cv-corpus-22.0-2025-06-20/ba/clips/common_voice_ba_26471034.mp3,common_voice_ba_26471034.mp3,Bashkir,bak_Cyrl,bak,Cyrl,БЛОКҺАУЗ ГАРНИЗОНЫ,blokshhauz garnizony,2.916,"242,69,120,192,32,32,43,233,77,179,0,221,9,167,14,245,243,249,210,24"
,/ssd2/sangmin/datasets/commonvoice22/Bashkir/cv-corpus-22.0-2025-06-20/ba/clips/common_voice_ba_26477306.mp3,common_voice_ba_26477306.mp3,Bashkir,bak_Cyrl,bak,Cyrl,Кемебеҙҙер аңғармаҫтан берәй урынға һалған да онотҡан.,kemebezzer angharmastan berei uryngha shhalghan da onotkan,4.428,"147,138,160,254,237,37,90,163,194,28,0,74,61,124,32,74,181,78,178,128,73,9,96,0,157,19,167,57,57,0,51,181,178,61,147,215,76,0,148,148,28,117,51,124,124,117,14,0,80,76,0,14,210,116,211,32,178,110"
,/ssd2/sangmin/datasets/commonvoice22/Bashkir/cv-corpus-22.0-2025-06-20/ba/clips/common_voice_ba_26278830.mp3,common_voice_ba_26278830.mp3,Bashkir,bak_Cyrl,bak,Cyrl,"Нимә, туйып һикермәйһеңдер.",nime tuiyp shhikermeishhender,4.068,"150,245,78,254,0,1,120,227,37,75,0,109,79,107,245,75,19,167,78,254,254,37,32,37,160,101,242,31,10"
,/ssd2/sangmin/datasets/commonvoice22/Bashkir/cv-corpus-22.0-2025-06-20/ba/clips/common_voice_ba_26279837.mp3,common_voice_ba_26279837.mp3,Bashkir,bak_Cyrl,bak,Cyrl,Ниңә аңлатаһың шуға?,nine anlatashhyn shugha,2.16,"150,245,14,165,0,33,160,60,44,93,75,73,211,115,33,160,0,179,255,116,116,116,24"
,/ssd2/sangmin/datasets/commonvoice22/Bashkir/cv-corpus-22.0-2025-06-20/ba/clips/common_voice_ba_26314321.mp3,common_voice_ba_26314321.mp3,Bashkir,bak_Cyrl,bak,Cyrl,"Йәш белгес ҡулына диплом алғанда, Бөйөк Ватан һуғышы тыуған илебеҙҙе ялмап өлгөргән була.",iesh belges kulyna diplom alghanda boiok vatan shhughyshy tyughan ilebezze yalmap olgorgen bula,7.92,"39,115,240,111,0,157,19,96,242,138,128,0,193,200,51,249,78,9,0,80,190,75,182,200,186,0,178,51,124,140,117,210,80,33,0,157,245,227,205,25,0,200,233,211,113,160,0,32,32,214,214,77,249,231,240,255,19,0,193,19,120,124,159,233,160,0,53,250,22,157,19,133,242,138,0,39,74,96,78,233,68,0,112,69,26,19,181,26,76,14,0,88,249,159,74"
,/ssd2/sangmin/datasets/commonvoice22/Bashkir/cv-corpus-22.0-2025-06-20/ba/clips/common_voice_ba_26314851.mp3,common_voice_ba_26314851.mp3,Bashkir,bak_Cyrl,bak,Cyrl,Шунда ғына пистолетым барлығы иҫкә төштө.,shunda ghyna pistoletym barlyghy iske toshto,3.636,"185,255,64,160,80,115,0,33,113,160,160,113,0,198,183,109,128,115,217,19,73,19,186,0,157,117,167,237,117,51,181,216,0,190,4,203,138,0,119,240,79,111,158,6"
,/ssd2/sangmin/datasets/commonvoice22/Bashkir/cv-corpus-22.0-2025-06-20/ba/clips/common_voice_ba_25642935.mp3,common_voice_ba_25642935.mp3,Bashkir,bak_Cyrl,bak,Cyrl,"— Эйе, эйе, бөтә халыҡҡа, Григо...",eie eie bote khalykka grigo,5.328,"245,227,57,0,57,227,65,0,242,254,192,115,0,32,115,117,69,44,232,193,74,0,150,10,183,90,74"
,/ssd2/sangmin/datasets/commonvoice22/Bashkir/cv-corpus-22.0-2025-06-20/ba/clips/common_voice_ba_25644223.mp3,common_voice_ba_25644223.mp3,Bashkir,bak_Cyrl,bak,Cyrl,Союз молодежи бер ҙә ҡуя торған түгел.,soyuz molodezhi ber ze kuya torghan tugel,4.5,"134,74,86,191,205,0,78,233,69,113,91,191,243,243,57,0,168,57,205,0,90,254,0,192,249,39,9,0,73,19,181,124,103,9,125,0,198,64,124,65,6"
,/ssd2/sangmin/datasets/commonvoice22/Bashkir/cv-corpus-22.0-2025-06-20/ba/clips/common_voice_ba_25664164.mp3,common_voice_ba_25664164.mp3,Bashkir,bak_Cyrl,bak,Cyrl,Әллә быларҙы кире ҡороп ҡуймаҡсыһың?,elle bylarzy kire korop kuimaksyshhyn,4.608,"57,160,69,9,0,180,19,69,33,181,90,57,0,192,183,181,57,0,124,214,167,191,232,0,192,191,22,78,113,232,131,191,191,32,191,191,92"
,/ssd2/sangmin/datasets/commonvoice22/Bashkir/cv-corpus-22.0-2025-06-20/ba/clips/common_voice_ba_25703874.mp3,common_voice_ba_25703874.mp3,Bashkir,bak_Cyrl,bak,Cyrl,Бүре нәҫеленә иһә ырашҡы - байрам.,bure neselene ishhe yrashky bairam,4.716,"157,77,10,254,0,101,254,232,254,69,254,101,254,0,227,20,168,138,254,0,9,167,74,240,111,158,256,0,157,9,57,87,74,61"
,/ssd2/sangmin/datasets/commonvoice22/Bashkir/cv-corpus-22.0-2025-06-20/ba/clips/common_voice_ba_26117304.mp3,common_voice_ba_26117304.mp3,Bashkir,bak_Cyrl,bak,Cyrl,"Был һүҙҙәрҙе ишеткәндән һуң, үҙҙәренең айыу һымаҡ аҡыллы булмауҙарына бик ҡайғырҙылар.",byl shhuzzerze ishetkenden shhun uzzerenen aiyu shhymak akylly bulmauzaryna bik kaighyrzylar,7.668,"102,117,191,0,205,32,191,37,93,12,9,87,133,138,0,183,240,240,182,198,147,9,14,242,33,160,0,32,32,214,51,61,0,64,90,90,76,10,19,210,19,61,0,28,26,120,188,0,32,32,200,214,78,233,72,0,117,192,214,69,69,74,0,242,64,139,78,214,249,102,19,10,19,170,9,0,157,183,75,0,73,9,256,124,124,19,167,12,120,159,145,10"
,/ssd2/sangmin/datasets/commonvoice22/Bashkir/cv-corpus-22.0-2025-06-20/ba/clips/common_voice_ba_26347528.mp3,common_voice_ba_26347528.mp3,Bashkir,bak_Cyrl,bak,Cyrl,Был һүҙҙәр нимәгә нигеҙләнә?,byl shhuzzer nimege nigezlene,3.492,"157,188,205,0,32,32,64,37,93,243,115,10,0,14,245,78,9,124,9,0,101,183,124,114,42,69,9,210,74"
,/ssd2/sangmin/datasets/commonvoice22/Bashkir/cv-corpus-22.0-2025-06-20/ba/clips/common_voice_ba_26446698.mp3,common_voice_ba_26446698.mp3,Bashkir,bak_Cyrl,bak,Cyrl,Ләкин һеҙ ғәҙел дә инегеҙ.,lekin shhez ghezel de inegez,3.672,"69,254,198,86,101,0,32,32,254,31,90,0,124,115,9,90,138,69,0,80,33,0,227,14,65,221,65,12"
,/ssd2/sangmin/datasets/commonvoice22/Bashkir/cv-corpus-22.0-2025-06-20/ba/clips/common_voice_ba_26447877.mp3,common_voice_ba_26447877.mp3,Bashkir,bak_Cyrl,bak,Cyrl,Ҡәйнәң һине ҡыҙы урынына күрә һәм үҙе белгәнде өйрәтеп ҡалырға тырыша.,keinen shhine kyzy urynyna kure shhem uze belgende oiretep kalyrgha tyrysha,7.416,"73,9,86,101,115,205,0,4,32,107,205,101,254,0,147,249,90,191,0,77,10,16,61,61,170,9,0,73,64,10,74,0,251,32,9,16,14,0,249,90,254,0,157,19,69,124,9,160,80,57,0,53,50,10,178,73,19,42,0,73,117,69,173,10,124,140,146,0,73,19,10,231,240,255,74"
,/ssd2/sangmin/datasets/commonvoice22/Bashkir/cv-corpus-22.0-2025-06-20/ba/clips/common_voice_ba_26490023.mp3,common_voice_ba_26490023.mp3,Bashkir,bak_Cyrl,bak,Cyrl,"Улайһа, өйлән.",ulaishha oilen,2.628,"77,217,9,39,32,32,43,33,0,37,37,69,74,210"
,/ssd2/sangmin/datasets/commonvoice22/Bashkir/cv-corpus-22.0-2025-06-20/ba/clips/common_voice_ba_26327095.mp3,common_voice_ba_26327095.mp3,Bashkir,bak_Cyrl,bak,Cyrl,— Һиңә әле нисә йәш?,shhine ele nise iesh,3.636,"156,46,107,37,101,254,0,9,69,245,0,14,183,128,254,0,39,57,240,79"
,/ssd2/sangmin/datasets/commonvoice22/Bashkir/cv-corpus-22.0-2025-06-20/ba/clips/common_voice_ba_26327942.mp3,common_voice_ba_26327942.mp3,Bashkir,bak_Cyrl,bak,Cyrl,Ошо көндән һуң йәштәр йәшәгән шифахана йыр-моңға күмелә.,osho konden shhun ieshter ieshegen shifakhana iyrmongha kumele,5.688,"249,134,255,191,0,147,19,160,88,254,205,0,205,203,191,191,92,0,150,57,128,182,198,254,205,0,254,254,240,255,19,124,76,98,0,240,240,37,109,9,32,32,9,210,99,0,46,37,167,78,60,61,124,124,74,0,147,200,78,252,69,65"
,/ssd2/sangmin/datasets/commonvoice22/Bashkir/cv-corpus-22.0-2025-06-20/ba/clips/common_voice_ba_26352070.mp3,common_voice_ba_26352070.mp3,Bashkir,bak_Cyrl,bak,Cyrl,Ала алмайым.,ala almaiym,2.736,"28,69,113,0,74,14,14,216,39,65,110"
,/ssd2/sangmin/datasets/commonvoice22/Bashkir/cv-corpus-22.0-2025-06-20/ba/clips/common_voice_ba_26352431.mp3,common_voice_ba_26352431.mp3,Bashkir,bak_Cyrl,bak,Cyrl,Һин ни эшләп бында указание биреп ултыраһың?,shhin ni eshlep bynda ukazanie birep ultyrashhyn,3.996,"1,46,53,37,101,0,101,86,0,191,240,240,205,113,93,0,192,254,101,88,115,0,214,147,9,91,9,210,183,91,0,224,183,87,19,198,0,64,85,198,112,181,74,32,32,32,24,110"
,/ssd2/sangmin/datasets/commonvoice22/Bashkir/cv-corpus-22.0-2025-06-20/ba/clips/common_voice_ba_26353006.mp3,common_voice_ba_26353006.mp3,Bashkir,bak_Cyrl,bak,Cyrl,«Бөгөн Нью-Йорктың «Янки»ҙары Детройттың «Юлбарыҫ»тары менән уйнарға тейеш».,bogon nyuiorktyn yanki zary detroittyn yulbarys tary menen uinargha teiesh,6.84,"46,64,26,191,205,0,101,183,227,39,9,96,147,73,115,191,0,39,76,205,147,37,0,90,33,10,254,0,73,19,198,167,216,49,75,193,254,191,0,39,64,69,157,9,10,19,128,0,211,9,87,254,0,101,19,101,9,163,0,64,50,101,256,181,124,140,74,0,158,65,227,6,240,168"
,/ssd2/sangmin/datasets/commonvoice22/Bashkir/cv-corpus-22.0-2025-06-20/ba/clips/common_voice_ba_25998476.mp3,common_voice_ba_25998476.mp3,Bashkir,bak_Cyrl,bak,Cyrl,"Эйе, Шәңгәрәй, һин матурһың.",eie shengerei shhin maturshhyn,3.384,"254,227,254,0,240,255,138,14,26,57,181,6,6,0,100,185,37,37,101,0,78,233,198,249,10,4,32,19,58,110"
,/ssd2/sangmin/datasets/commonvoice22/Bashkir/cv-corpus-22.0-2025-06-20/ba/clips/common_voice_ba_26010130.mp3,common_voice_ba_26010130.mp3,Bashkir,bak_Cyrl,bak,Cyrl,Ҡапыл тороп кейенә башлаған иренә ашъяулыҡ түшәй башлаған ҡатыны көлөмһөрәп ҡараны:,kapyl torop keiene bashlaghan irene ashyaulyk tushei bashlaghan katyny kolomshhorep karany,7.236,"193,33,73,233,34,0,151,115,191,205,75,0,73,183,86,50,170,113,0,157,9,179,111,255,233,188,117,117,96,0,53,87,245,101,254,0,178,168,240,107,33,191,191,191,72,0,198,19,240,255,254,22,0,157,9,231,111,40,76,74,117,16,61,0,172,117,198,19,101,99,0,193,112,69,191,98,13,32,112,167,181,117,232,0,215,117,167,145,14,24"
,/ssd2/sangmin/datasets/commonvoice22/Bashkir/cv-corpus-22.0-2025-06-20/ba/clips/common_voice_ba_26185838.mp3,common_voice_ba_26185838.mp3,Bashkir,bak_Cyrl,bak,Cyrl,Ирене йоҡа кеше уҫал булыр.,irene ioka keshe usal bulyr,3.564,"53,87,245,101,245,0,39,191,196,113,0,147,37,240,240,57,0,64,128,33,217,0,157,214,159,74,10"
,/ssd2/sangmin/datasets/commonvoice22/Bashkir/cv-corpus-22.0-2025-06-20/ba/clips/common_voice_ba_26206080.mp3,common_voice_ba_26206080.mp3,Bashkir,bak_Cyrl,bak,Cyrl,"Ана ағас, шуның төбөнә соҡор ҡаҙ.",ana aghas shunyn tobone sokor kaz,3.672,"28,160,233,0,113,124,214,113,128,0,168,255,107,74,44,35,0,211,37,180,37,130,254,0,128,44,215,188,10,0,147,9,232"
,/ssd2/sangmin/datasets/commonvoice22/Bashkir/cv-corpus-22.0-2025-06-20/ba/clips/common_voice_ba_26217119.mp3,common_voice_ba_26217119.mp3,Bashkir,bak_Cyrl,bak,Cyrl,— Ә офоҡтоң аръяғында?,e ofokton aryaghynda,3.06,"33,0,188,203,44,4,73,115,125,0,28,167,39,9,124,19,16,61,91,74"
,/ssd2/sangmin/datasets/commonvoice22/Bashkir/cv-corpus-22.0-2025-06-20/ba/clips/common_voice_ba_26266950.mp3,common_voice_ba_26266950.mp3,Bashkir,bak_Cyrl,bak,Cyrl,Ҡураңда ҡуйың ҡалмаҫ.,kuranda kuiyn kalmas,2.736,"73,214,10,117,160,88,113,0,192,214,39,254,14,0,73,117,96,78,74,232"
,/ssd2/sangmin/datasets/commonvoice22/Bashkir/cv-corpus-22.0-2025-06-20/ba/clips/common_voice_ba_26315368.mp3,common_voice_ba_26315368.mp3,Bashkir,bak_Cyrl,bak,Cyrl,Ҡыҙым яныма югереп килде:,kyzym yanyma yugerep kilde,3.78,"211,74,90,254,205,0,39,74,160,22,78,9,0,39,64,77,31,181,22,232,0,147,183,69,242,65"
,/ssd2/sangmin/datasets/commonvoice22/Bashkir/cv-corpus-22.0-2025-06-20/ba/clips/common_voice_ba_26335074.mp3,common_voice_ba_26335074.mp3,Bashkir,bak_Cyrl,bak,Cyrl,"Һәр береһе үҙ һөнәре буйынса белем алып эшләй, матур итеп донъя көтә, балалар үҫтерә.",shher bereshhe uz shhonere buiynsa belem alyp eshlei matur itep donya kote balalar ustere,6.696,"185,32,254,254,167,0,157,254,181,254,32,32,254,104,0,64,205,0,4,32,19,50,101,33,167,191,0,157,214,216,245,98,128,9,0,157,245,69,254,101,0,233,188,44,102,0,114,134,111,69,254,227,0,46,233,232,43,216,0,37,73,22,242,0,242,19,14,165,33,0,147,19,73,33,0,242,117,188,117,159,2,10,0,64,128,73,31,181,145"
,/ssd2/sangmin/datasets/commonvoice22/Bashkir/cv-corpus-22.0-2025-06-20/ba/clips/common_voice_ba_26336600.mp3,common_voice_ba_26336600.mp3,Bashkir,bak_Cyrl,bak,Cyrl,Урал батыр ағаһы Шүлгәнде ғәҙеллек юлына бороу өсөн ниндәй өмөт бағлай?,ural batyr aghashhy shulgende ghezellek yulyna borou oson nindei omot baghlai,6.048,"214,181,113,191,0,157,117,192,254,181,0,2,124,233,233,32,32,254,191,0,240,255,64,69,26,9,61,88,57,0,124,115,9,237,245,217,170,37,147,0,107,77,60,160,170,117,0,157,233,10,188,188,0,231,128,50,61,0,150,86,205,250,86,163,0,245,78,19,25,0,157,117,124,124,51,74,6"
,/ssd2/sangmin/datasets/commonvoice22/Bashkir/cv-corpus-22.0-2025-06-20/ba/clips/common_voice_ba_26482261.mp3,common_voice_ba_26482261.mp3,Bashkir,bak_Cyrl,bak,Cyrl,"Үҙе һонтор, минән ике башҡа оҙон.",uze shhontor minen ike bashka ozon,4.14,"64,90,254,0,231,32,214,117,248,198,188,167,0,78,245,170,9,160,0,190,147,138,0,237,178,240,111,73,117,0,249,242,178,75"
,/ssd2/sangmin/datasets/commonvoice22/Bashkir/cv-corpus-22.0-2025-06-20/ba/clips/common_voice_ba_26482497.mp3,common_voice_ba_26482497.mp3,Bashkir,bak_Cyrl,bak,Cyrl,Шуға күрә ҡатындың ҡарсыҡҡа бара-бара ниндәйҙер ышанысы артып киткәндәй ҙә булды.,shugha kure katyndyn karsykka barabara nindeizer yshanysy artyp kitkendei ze buldy,6.48,"240,255,120,159,188,113,0,147,200,167,113,0,73,117,73,16,14,78,256,14,0,73,117,84,128,19,158,73,74,0,157,233,181,2,157,117,181,9,0,210,183,101,88,183,37,237,138,167,0,114,240,255,140,14,19,109,19,0,145,167,73,19,42,0,147,190,198,147,19,248,80,65,190,0,90,178,0,242,171,116,242,24"
,/ssd2/sangmin/datasets/commonvoice22/Bashkir/cv-corpus-22.0-2025-06-20/ba/clips/common_voice_ba_26482644.mp3,common_voice_ba_26482644.mp3,Bashkir,bak_Cyrl,bak,Cyrl,"— Тәбиғи һыу, ағын һыу һымаҡ, үҙен үҙе таҙарта.",tebighi shhyu aghyn shhyu shhymak uzen uze tazarta,4.824,"193,9,91,183,124,138,57,0,231,32,19,120,34,0,33,124,124,9,160,0,96,32,19,44,139,0,180,32,19,44,78,178,25,0,77,90,254,101,0,64,90,114,0,42,19,90,9,84,211,24"
,/ssd2/sangmin/datasets/commonvoice22/Bashkir/cv-corpus-22.0-2025-06-20/ba/clips/common_voice_ba_26483019.mp3,common_voice_ba_26483019.mp3,Bashkir,bak_Cyrl,bak,Cyrl,"Сәйфулла, ысынмы?",seifulla ysynmy,3.06,"164,138,245,179,200,217,69,74,0,19,164,19,101,78,34"
,/ssd2/sangmin/datasets/commonvoice22/Bashkir/cv-corpus-22.0-2025-06-20/ba/clips/common_voice_ba_26483177.mp3,common_voice_ba_26483177.mp3,Bashkir,bak_Cyrl,bak,Cyrl,"Сараны педагогтарҙың эшенә баһа биреү, уларҙы дәртләндереү, үҫтереү йәһәтенән иң уңышлы проект тип иҫәпләйем.",sarany pedagogtarzyn eshene bashha bireu ularzy dertlendereu ustereu ieshhetenen in unyshly proekt tip isepleiem,9.216,"164,9,181,76,101,37,0,193,138,80,9,124,171,198,73,9,167,242,19,160,0,20,240,240,107,170,154,0,157,103,32,32,74,9,0,155,245,87,74,110,0,200,159,74,167,207,57,0,80,9,4,12,12,19,61,250,245,181,256,34,0,64,179,193,138,10,8,77,0,39,165,32,32,254,114,211,138,170,256,71,0,86,205,0,60,60,231,240,111,12,19,0,198,167,9,245,4,158,0,59,190,75,0,53,128,19,42,12,65,65,6,110"
,/ssd2/sangmin/datasets/commonvoice22/Bashkir/cv-corpus-22.0-2025-06-20/ba/clips/common_voice_ba_26030726.mp3,common_voice_ba_26030726.mp3,Bashkir,bak_Cyrl,bak,Cyrl,Бына килен дә нисә йыл көттө.,byna kilen de nise iyl kotto,3.528,"180,9,170,33,0,73,183,69,254,205,0,88,254,0,14,37,109,254,0,39,120,34,0,73,19,68,193,6"
,/ssd2/sangmin/datasets/commonvoice22/Bashkir/cv-corpus-22.0-2025-06-20/ba/clips/common_voice_ba_26066090.mp3,common_voice_ba_26066090.mp3,Bashkir,bak_Cyrl,bak,Cyrl,"Һин кеше араһында йәшәп ҡайттың, ә...",shhin keshe arashhynda ieshep kaittyn e,5.328,"193,185,183,37,98,0,73,138,240,240,191,0,28,181,191,32,109,191,16,98,88,9,0,39,9,240,240,115,232,0,147,9,49,75,198,19,14,0,57"
,/ssd2/sangmin/datasets/commonvoice22/Bashkir/cv-corpus-22.0-2025-06-20/ba/clips/common_voice_ba_26069013.mp3,common_voice_ba_26069013.mp3,Bashkir,bak_Cyrl,bak,Cyrl,Мебелдең шулай ҡуйылыуы бүлмәне яҡтыраҡ яһай,mebelden shulai kuiylyuy bulmene yaktyrak yashhai,5.256,"101,86,205,254,217,250,19,160,0,240,255,64,69,33,9,0,192,64,227,44,69,51,139,74,0,180,214,217,78,76,14,57,0,39,113,68,193,191,181,33,4,0,221,178,32,32,76,74,6"
,/ssd2/sangmin/datasets/commonvoice22/Bashkir/cv-corpus-22.0-2025-06-20/ba/clips/common_voice_ba_26069593.mp3,common_voice_ba_26069593.mp3,Bashkir,bak_Cyrl,bak,Cyrl,Илендә ни барҙы күршеңдән һора.,ilende ni barzy kurshenden shhora,4.5,"183,217,254,101,250,57,0,14,86,0,13,33,10,90,57,0,147,64,179,164,255,205,205,80,76,210,0,32,32,178,178,181,74"
,/ssd2/sangmin/datasets/commonvoice22/Bashkir/cv-corpus-22.0-2025-06-20/ba/clips/common_voice_ba_26071120.mp3,common_voice_ba_26071120.mp3,Bashkir,bak_Cyrl,bak,Cyrl,"— Апай һиңә әйтте түгелме, аҡай түгел, ағай тип әйтергә кәрәк.",apai shhine eitte tugelme akai tugel aghai tip eiterge kerek,5.796,"28,198,9,57,0,227,20,183,50,101,115,0,57,49,75,73,19,0,73,64,124,191,205,61,24,0,74,73,9,190,0,73,77,124,19,110,0,74,124,124,9,37,0,119,107,73,0,245,190,193,112,181,124,65,0,73,19,87,178,73"
,/ssd2/sangmin/datasets/commonvoice22/Bashkir/cv-corpus-22.0-2025-06-20/ba/clips/common_voice_ba_26112153.mp3,common_voice_ba_26112153.mp3,Bashkir,bak_Cyrl,bak,Cyrl,Һеҙ унһыҙ ҙа миңә ышанаһығыҙ.,shhez unshhyz za mine yshanashhyghyz,3.6,"46,32,138,254,243,0,44,61,32,32,115,191,93,0,80,254,0,101,183,101,115,0,114,240,240,76,16,160,101,101,103,117,124,124,178,25"
,/ssd2/sangmin/datasets/commonvoice22/Bashkir/cv-corpus-22.0-2025-06-20/ba/clips/common_voice_ba_26278322.mp3,common_voice_ba_26278322.mp3,Bashkir,bak_Cyrl,bak,Cyrl,Ҡарт уртаға теленгән киҫәктең икенсе өлөшөн дә ашаны.,kart urtagha telengen kisekten ikense oloshon de ashany,6.12,"147,74,10,198,0,214,84,198,117,124,103,9,0,198,138,69,245,61,26,138,61,0,147,183,203,254,147,1,37,160,0,53,73,19,61,128,163,0,53,69,37,109,255,138,160,0,88,9,0,28,240,255,117,210,24"
,/ssd2/sangmin/datasets/commonvoice22/Bashkir/cv-corpus-22.0-2025-06-20/ba/clips/common_voice_ba_26242508.mp3,common_voice_ba_26242508.mp3,Bashkir,bak_Cyrl,bak,Cyrl,Машинаң да булды.,mashinan da buldy,2.556,"150,117,240,255,16,170,9,160,0,250,113,0,180,214,188,250,254"
,/ssd2/sangmin/datasets/commonvoice22/Bashkir/cv-corpus-22.0-2025-06-20/ba/clips/common_voice_ba_26259352.mp3,common_voice_ba_26259352.mp3,Bashkir,bak_Cyrl,bak,Cyrl,"Туйым уҙған, туным туҙған.",tuiym uzghan tunym tuzghan,3.528,"73,64,227,254,186,0,249,232,124,233,33,205,0,73,64,210,9,61,0,211,191,243,117,233,74,61"
,/ssd2/sangmin/datasets/commonvoice22/Bashkir/cv-corpus-22.0-2025-06-20/ba/clips/common_voice_ba_26259949.mp3,common_voice_ba_26259949.mp3,Bashkir,bak_Cyrl,bak,Cyrl,"Тик Гөлкәй генә, ғәҙәтенсә, ҡулдарын сәбәкәйләп, осоноп:",tik golkei gene ghezetense kuldaryn sebekeilep osonop,4.68,"73,37,224,0,242,19,69,73,254,86,0,205,191,101,254,0,124,19,9,237,9,198,138,248,128,178,0,215,200,249,80,9,10,256,61,0,128,19,13,19,73,65,190,69,254,93,0,117,128,64,14,178,198"
,/ssd2/sangmin/datasets/commonvoice22/Bashkir/cv-corpus-22.0-2025-06-20/ba/clips/common_voice_ba_26336971.mp3,common_voice_ba_26336971.mp3,Bashkir,bak_Cyrl,bak,Cyrl,Шулай тиеүҙәреңде оноттоңмо ни?,shulai tieuzerende onottonmo ni,3.348,"240,255,64,159,113,37,0,73,183,37,37,243,254,167,254,96,88,44,0,28,170,44,232,73,120,61,78,249,0,101,227"
,/ssd2/sangmin/datasets/commonvoice22/Bashkir/cv-corpus-22.0-2025-06-20/ba/clips/common_voice_ba_26156036.mp3,common_voice_ba_26156036.mp3,Bashkir,bak_Cyrl,bak,Cyrl,Ат баҫҡанды ер белә.,at baskandy er bele,3.78,"33,232,0,180,9,232,73,33,61,88,57,0,57,167,0,242,245,69,74"
,/ssd2/sangmin/datasets/commonvoice22/Bashkir/cv-corpus-22.0-2025-06-20/ba/clips/common_voice_ba_26162799.mp3,common_voice_ba_26162799.mp3,Bashkir,bak_Cyrl,bak,Cyrl,Йүгерек атҡа дала ҡәҙерле.,iugerek atka dala kezerle,3.636,"53,64,26,31,181,254,147,0,9,68,147,33,0,88,33,217,233,0,73,9,90,31,84,69,6"
,/ssd2/sangmin/datasets/commonvoice22/Bashkir/cv-corpus-22.0-2025-06-20/ba/clips/common_voice_ba_26190926.mp3,common_voice_ba_26190926.mp3,Bashkir,bak_Cyrl,bak,Cyrl,Һеҙ бик йонсоп киткәнһегеҙ,shhez bik ionsop kitkenshhegez,3.096,"185,185,254,254,90,0,157,227,155,0,39,120,160,164,117,192,0,147,37,198,147,254,101,101,32,254,37,221,65,187"
,/ssd2/sangmin/datasets/commonvoice22/Bashkir/cv-corpus-22.0-2025-06-20/ba/clips/common_voice_ba_26500614.mp3,common_voice_ba_26500614.mp3,Bashkir,bak_Cyrl,bak,Cyrl,Һәм шул саҡ уға... был донъянан һыҙланыуһыҙ китеү идеяһы тыуҙы.,shhem shul sak ugha byl donyanan shhyzlanyushhyz kiteu ideyashhy tyuzy,7.236,"185,32,254,33,160,0,240,255,191,191,0,128,33,192,0,214,124,159,2,0,157,214,188,0,80,19,160,39,113,170,33,101,0,32,32,19,117,90,69,33,14,120,51,32,32,19,254,205,0,73,37,193,254,77,0,53,26,138,57,2,32,32,140,178,0,198,116,249,90,74"
,/ssd2/sangmin/datasets/commonvoice22/Bashkir/cv-corpus-22.0-2025-06-20/ba/clips/common_voice_ba_26500843.mp3,common_voice_ba_26500843.mp3,Bashkir,bak_Cyrl,bak,Cyrl,Ну Айнур!,nu ainur,2.628,"14,188,0,33,86,101,51,87"
,/ssd2/sangmin/datasets/commonvoice22/Bashkir/cv-corpus-22.0-2025-06-20/ba/clips/common_voice_ba_25990403.mp3,common_voice_ba_25990403.mp3,Bashkir,bak_Cyrl,bak,Cyrl,"Ә Мәҙинәнең күҙ алдында шул саҡ шырт баҫҡан, эскенән шешенгән йөҙлө атаһы килде.",e mezinenen kuz aldynda shul sak shyrt baskan eskenen sheshengen iozlo atashhy kilde,8.028,"57,0,78,138,12,37,101,254,101,191,205,0,147,64,12,0,33,77,242,16,98,80,113,0,168,255,64,139,0,168,117,192,0,240,255,191,205,73,0,157,9,128,73,2,160,0,20,164,73,19,101,254,191,0,240,240,37,240,255,37,101,26,254,160,0,39,37,243,69,117,0,28,73,33,74,32,140,65,0,147,183,69,242,57"
,/ssd2/sangmin/datasets/commonvoice22/Bashkir/cv-corpus-22.0-2025-06-20/ba/clips/common_voice_ba_26005175.mp3,common_voice_ba_26005175.mp3,Bashkir,bak_Cyrl,bak,Cyrl,Зарифа бышылдап һөйләүгә күсте.,zarifa byshyldap shhoileuge kuste,3.6,"243,33,87,37,192,188,0,157,114,240,255,120,249,242,113,13,0,4,32,216,50,217,69,178,139,124,9,0,192,64,164,198,57"
,/ssd2/sangmin/datasets/commonvoice22/Bashkir/cv-corpus-22.0-2025-06-20/ba/clips/common_voice_ba_26073368.mp3,common_voice_ba_26073368.mp3,Bashkir,bak_Cyrl,bak,Cyrl,Йәш,iesh,2.808,"227,33,240,109"
,/ssd2/sangmin/datasets/commonvoice22/Bashkir/cv-corpus-22.0-2025-06-20/ba/clips/common_voice_ba_26325716.mp3,common_voice_ba_26325716.mp3,Bashkir,bak_Cyrl,bak,Cyrl,"Йыр, моң.",iyr mon,3.456,"243,254,10,0,78,188,74"
,/ssd2/sangmin/datasets/commonvoice22/Bashkir/cv-corpus-22.0-2025-06-20/ba/clips/common_voice_ba_26326121.mp3,common_voice_ba_26326121.mp3,Bashkir,bak_Cyrl,bak,Cyrl,"— Бейәне Поляковкаға алып барып яптығыҙ ҙа, ябыҡтырып нишләтәһегеҙ һуң уны?",beiene polyakovkagha alyp baryp yaptyghyz za yabyktyryp nishleteshhegez shhun uny,6.66,"168,227,227,254,101,254,0,73,233,69,37,198,147,214,72,215,112,124,124,117,0,117,188,180,232,0,242,9,167,22,224,0,39,117,68,198,115,191,191,205,179,0,243,33,0,39,33,224,214,93,193,19,19,22,68,0,40,20,240,240,255,254,198,254,113,113,113,191,205,191,250,0,32,32,214,44,60,0,249,78,99"
,/ssd2/sangmin/datasets/commonvoice22/Bashkir/cv-corpus-22.0-2025-06-20/ba/clips/common_voice_ba_26461963.mp3,common_voice_ba_26461963.mp3,Bashkir,bak_Cyrl,bak,Cyrl,"Шунан артына йығылып китте лә, ҡулдарын өҫкә һоноп оҙаҡ күккә ҡарап ятты.",shunan artyna iyghylyp kitte le kuldaryn oske shhonop ozak kukke karap yatty,6.66,"240,255,64,101,113,101,0,113,167,196,19,101,113,0,39,254,124,124,19,69,19,25,0,73,183,68,193,138,0,69,254,0,192,171,96,80,33,167,16,163,0,245,128,73,57,0,32,32,116,249,210,120,25,0,51,250,113,72,0,147,64,68,147,76,0,73,76,181,178,68,0,39,178,68,73,24"
,/ssd2/sangmin/datasets/commonvoice22/Bashkir/cv-corpus-22.0-2025-06-20/ba/clips/common_voice_ba_26474034.mp3,common_voice_ba_26474034.mp3,Bashkir,bak_Cyrl,bak,Cyrl,"Йырлаған, гармун лысҡылдатҡан булып алдаштыра, аңламайһығыҙмы ни шуны?",iyrlaghan garmun lyskyldatkan bulyp aldashtyra anlamaishhyghyzmy ni shuny,6.228,"53,254,10,191,113,32,43,33,101,0,26,33,10,186,214,101,0,60,231,128,73,200,217,80,9,3,147,9,160,0,242,214,69,178,155,0,28,69,250,178,240,111,158,178,10,33,0,28,124,69,113,78,191,191,205,32,254,31,124,19,49,40,14,65,0,210,190,0,240,255,116,14,24"
,/ssd2/sangmin/datasets/commonvoice22/Bashkir/cv-corpus-22.0-2025-06-20/ba/clips/common_voice_ba_26476366.mp3,common_voice_ba_26476366.mp3,Bashkir,bak_Cyrl,bak,Cyrl,Ир артынан посуда йыуаһы юҡ!,ir artynan posuda iyuashhy yuk,3.348,"183,167,0,113,167,198,19,170,9,98,0,73,76,128,249,80,74,0,227,120,159,117,231,32,19,216,0,39,64,158"
,/ssd2/sangmin/datasets/commonvoice22/Bashkir/cv-corpus-22.0-2025-06-20/ba/clips/common_voice_ba_26493481.mp3,common_voice_ba_26493481.mp3,Bashkir,bak_Cyrl,bak,Cyrl,"Беседкалар, ихаталар тирә-яғы сүп-сар, төрлө шешә, ҡағыҙ киҫәктәре менән тулы.",besedkalar ikhatalar tireyaghy supsar torlo sheshe kaghyz kisektere menen tuly,7.668,"242,86,128,114,232,221,117,69,33,167,0,86,32,32,113,192,115,69,2,10,0,73,183,87,57,39,33,124,124,178,0,109,64,68,128,74,167,0,211,254,10,101,37,0,240,255,37,109,255,165,0,198,33,124,124,178,232,0,73,107,211,114,42,73,65,87,22,0,210,65,65,65,248,0,158,116,116,116"
,/ssd2/sangmin/datasets/commonvoice22/Bashkir/cv-corpus-22.0-2025-06-20/ba/clips/common_voice_ba_26496620.mp3,common_voice_ba_26496620.mp3,Bashkir,bak_Cyrl,bak,Cyrl,"Моғайын, был хәл буйынса ла тәүҙә уға ябырылырҙар...",moghaiyn byl khel buiynsa la teuze ugha yabyrylyrzar,5.508,"150,214,124,103,113,227,245,210,0,88,113,191,0,32,115,113,69,0,88,64,39,37,98,128,9,0,170,9,0,73,9,249,242,57,0,64,124,159,33,0,39,9,157,9,10,178,210,178,84,80,74,10"
,/ssd2/sangmin/datasets/commonvoice22/Bashkir/cv-corpus-22.0-2025-06-20/ba/clips/common_voice_ba_25937106.mp3,common_voice_ba_25937106.mp3,Bashkir,bak_Cyrl,bak,Cyrl,"- Олатайымдың яңы кәмәһен йөҙөргә өйрәтәм, - тип яуап ҡайтарҙы.",olataiymdyn yany kemeshhen iozorge oiretem tip yauap kaitarzy,6.048,"150,69,117,192,115,254,16,101,80,113,205,0,39,33,35,191,0,147,9,101,254,254,32,254,191,101,0,39,245,91,19,10,26,115,0,86,86,87,254,192,74,14,0,73,183,224,0,39,165,51,177,232,0,215,9,85,192,74,84,237,24"
,/ssd2/sangmin/datasets/commonvoice22/Bashkir/cv-corpus-22.0-2025-06-20/ba/clips/common_voice_ba_26135489.mp3,common_voice_ba_26135489.mp3,Bashkir,bak_Cyrl,bak,Cyrl,"Бына, ышанмаһаң, үҙең ҡара.",byna yshanmashhan uzen kara,4.428,"180,16,101,33,0,9,179,255,33,61,78,103,74,32,74,178,61,0,64,90,19,35,0,147,33,181,99"
,/ssd2/sangmin/datasets/commonvoice22/Bashkir/cv-corpus-22.0-2025-06-20/ba/clips/common_voice_ba_26321992.mp3,common_voice_ba_26321992.mp3,Bashkir,bak_Cyrl,bak,Cyrl,Һине оҡшатҡандар.,shhine okshatkandar,3.456,"185,213,53,183,14,254,0,214,215,240,255,19,232,221,113,101,88,74,10"
,/ssd2/sangmin/datasets/commonvoice22/Bashkir/cv-corpus-22.0-2025-06-20/ba/clips/common_voice_ba_26425358.mp3,common_voice_ba_26425358.mp3,Bashkir,bak_Cyrl,bak,Cyrl,Поезға билет алынған!,poezgha bilet alynghan,3.6,"13,188,37,179,124,115,113,0,224,183,69,254,93,0,117,69,117,61,124,76,2,61"
,/ssd2/sangmin/datasets/commonvoice22/Bashkir/cv-corpus-22.0-2025-06-20/ba/clips/common_voice_ba_26054505.mp3,common_voice_ba_26054505.mp3,Bashkir,bak_Cyrl,bak,Cyrl,— Ниндәй шатлыҡ ул тағы!,nindei shatlyk ul taghy,3.528,"14,183,101,250,254,37,0,240,255,113,192,69,254,232,0,235,69,0,68,74,124,124,256"
,/ssd2/sangmin/datasets/commonvoice22/Bashkir/cv-corpus-22.0-2025-06-20/ba/clips/common_voice_ba_26230947.mp3,common_voice_ba_26230947.mp3,Bashkir,bak_Cyrl,bak,Cyrl,"— Башын күтәрер ине, елкә бик ҡалын, һимеҙ.",bashyn kuterer ine elke bik kalyn shhimez,6.3,"180,117,109,240,191,101,0,147,64,198,254,10,254,87,0,227,210,57,0,245,69,147,254,0,224,227,73,0,73,117,69,120,61,0,185,32,183,227,78,57,110"
,/ssd2/sangmin/datasets/commonvoice22/Bashkir/cv-corpus-22.0-2025-06-20/ba/clips/common_voice_ba_26293577.mp3,common_voice_ba_26293577.mp3,Bashkir,bak_Cyrl,bak,Cyrl,"Әңгәмәләшә торғас, Фәниҙә ханым үҙе хаҡында ла бер нисә кәлимә һүҙ әйтте.",engemeleshe torghas fenize khanym uze khakynda la ber nise kelime shhuz eitte,7.56,"28,101,26,254,78,115,69,115,240,255,191,0,68,31,10,124,159,117,164,0,203,138,101,183,80,9,0,32,32,117,210,256,61,0,64,90,245,0,32,32,117,73,249,61,80,117,0,188,33,0,242,138,31,0,101,37,164,254,0,73,245,217,245,78,57,0,32,32,64,64,42,0,53,190,158,151,6"
,/ssd2/sangmin/datasets/commonvoice22/Bashkir/cv-corpus-22.0-2025-06-20/ba/clips/common_voice_ba_26469220.mp3,common_voice_ba_26469220.mp3,Bashkir,bak_Cyrl,bak,Cyrl,Ә был поликлиникала бик тәжрибәле белгестәр эшләй.,e byl poliklinikala bik tezhribele belgester eshlei,5.22,"28,0,224,214,188,0,192,9,106,37,73,107,86,205,191,147,115,51,74,0,242,86,68,0,73,254,243,243,87,183,180,9,69,138,0,242,50,96,26,20,128,1,74,167,0,37,240,240,69,57,6"
,/ssd2/sangmin/datasets/commonvoice22/Bashkir/cv-corpus-22.0-2025-06-20/ba/clips/common_voice_ba_26138897.mp3,common_voice_ba_26138897.mp3,Bashkir,bak_Cyrl,bak,Cyrl,Яҡшы түрә әҙәмгә юл асыр,yakshy ture ezemge yul asyr,3.96,"150,74,32,109,255,191,0,192,191,167,254,0,254,90,245,61,26,254,0,227,64,78,0,74,128,19,84"
,/ssd2/sangmin/datasets/commonvoice22/Bashkir/cv-corpus-22.0-2025-06-20/ba/clips/common_voice_ba_26172201.mp3,common_voice_ba_26172201.mp3,Bashkir,bak_Cyrl,bak,Cyrl,Һеҙ уны беләһегеҙме?,shhez uny beleshhegezme,2.988,"193,46,138,254,243,0,191,101,115,0,180,31,69,138,32,32,191,58,124,19,91,104,65"
,/ssd2/sangmin/datasets/commonvoice22/Bashkir/cv-corpus-22.0-2025-06-20/ba/clips/common_voice_ba_26425614.mp3,common_voice_ba_26425614.mp3,Bashkir,bak_Cyrl,bak,Cyrl,"— Алексей Александрович, белем биреү учреждениеларының уҡытыу-матди хәлен заманға яраҡлаштырыу буйынса ниндәй эштәр башҡарыла?",aleksei aleksandrovich belem bireu uchrezhdenielarynyn ukytyumatdi khelen zamangha yaraklashtyryu buiynsa nindei eshter bashkaryla,9.576,"28,217,37,4,128,107,191,0,113,69,37,4,128,74,14,88,87,116,116,190,119,240,0,157,138,69,191,191,0,205,86,167,191,77,0,249,119,240,87,19,20,243,243,183,101,86,117,159,117,167,252,210,116,61,0,171,73,117,192,188,188,14,9,91,119,37,0,32,32,138,69,19,61,0,243,178,78,103,44,124,124,9,0,165,76,10,117,25,200,178,240,111,196,76,181,64,139,0,180,171,65,14,61,134,113,0,150,86,205,205,86,86,0,245,240,240,211,19,181,0,157,178,240,111,147,76,167,120,159,99"
,/ssd2/sangmin/datasets/commonvoice22/Bashkir/cv-corpus-22.0-2025-06-20/ba/clips/common_voice_ba_26447260.mp3,common_voice_ba_26447260.mp3,Bashkir,bak_Cyrl,bak,Cyrl,Нимә эшләргә йыйына инең уның менән?,nime eshlerge iyiyna inen unyn menen,3.708,"150,227,101,191,0,205,240,240,115,31,167,124,138,0,227,227,227,50,101,74,0,245,14,178,177,0,249,210,14,186,0,133,252,168,65,110"
,/ssd2/sangmin/datasets/commonvoice22/Bashkir/cv-corpus-22.0-2025-06-20/ba/clips/common_voice_ba_26447788.mp3,common_voice_ba_26447788.mp3,Bashkir,bak_Cyrl,bak,Cyrl,"Ул белем алыу ысулдарын, уларҙы берләштереүҙе билдәләй.",ul belem alyu ysuldaryn ularzy berleshtereuze bildelei,4.896,"188,191,0,157,138,86,254,78,0,113,217,188,77,0,114,128,200,77,250,74,10,16,61,0,235,159,117,10,75,191,0,180,19,84,69,114,240,111,211,112,167,64,64,243,37,0,237,183,69,80,65,69,57,6"
,/ssd2/sangmin/datasets/commonvoice22/Bashkir/cv-corpus-22.0-2025-06-20/ba/clips/common_voice_ba_26515297.mp3,common_voice_ba_26515297.mp3,Bashkir,bak_Cyrl,bak,Cyrl,Ул бит.,ul bit,3.708,"77,96,0,157,245,211"
,/ssd2/sangmin/datasets/commonvoice22/Bashkir/cv-corpus-22.0-2025-06-20/ba/clips/common_voice_ba_26516357.mp3,common_voice_ba_26516357.mp3,Bashkir,bak_Cyrl,bak,Cyrl,"Инәй, һин миңә ҡамасаулайһың.",inei shhin mine kamasaulaishhyn,3.996,"37,101,57,6,0,151,213,53,53,104,0,14,183,227,57,0,124,43,78,214,164,120,44,69,74,6,6,32,116,116,110"
,/ssd2/sangmin/datasets/commonvoice22/Bashkir/cv-corpus-22.0-2025-06-20/ba/clips/common_voice_ba_26517216.mp3,common_voice_ba_26517216.mp3,Bashkir,bak_Cyrl,bak,Cyrl,"— Ә туған телдәр нисек уҡытыла һеҙҙә, Наталья Мөслим ҡыҙы?",e tughan telder nisek ukytyla shhezze natalya moslim kyzy,5.58,"28,0,73,64,124,233,113,98,0,192,50,69,250,9,167,0,101,183,164,37,232,0,139,25,49,211,19,159,9,0,231,32,19,252,90,90,76,0,150,249,192,9,217,39,178,0,210,231,128,12,245,139,0,73,19,90,24"
,/ssd2/sangmin/datasets/commonvoice22/Bashkir/cv-corpus-22.0-2025-06-20/ba/clips/common_voice_ba_26517517.mp3,common_voice_ba_26517517.mp3,Bashkir,bak_Cyrl,bak,Cyrl,"Башлайыҡ, йәнәһе.",bashlaiyk ieneshhe,3.276,"78,9,240,240,69,74,57,58,232,0,53,57,14,178,32,32,19,74"
,/ssd2/sangmin/datasets/commonvoice22/Bashkir/cv-corpus-22.0-2025-06-20/ba/clips/common_voice_ba_26518138.mp3,common_voice_ba_26518138.mp3,Bashkir,bak_Cyrl,bak,Cyrl,"...Һәм халҡымдың бөйөк рухы йәшәй, Ҡояш — бары бер ут йомғағы.",shhem khalkymdyn boiok rukhy ieshei koyash bary ber ut iomghaghy,6.876,"193,17,115,74,101,0,32,17,117,72,192,19,61,80,120,35,0,157,245,227,37,73,0,10,120,203,43,19,0,39,245,240,255,57,6,0,193,216,227,74,240,240,0,157,2,10,22,0,157,19,10,0,64,75,0,183,22,61,26,43,74,124,124,74"
,/ssd2/sangmin/datasets/commonvoice22/Bashkir/cv-corpus-22.0-2025-06-20/ba/clips/common_voice_ba_26513856.mp3,common_voice_ba_26513856.mp3,Bashkir,bak_Cyrl,bak,Cyrl,Беҙ асыҡтыҡ!,bez asyktyk,1.764,"242,57,232,0,9,128,113,205,192,191,192"
,/ssd2/sangmin/datasets/commonvoice22/Bashkir/cv-corpus-22.0-2025-06-20/ba/clips/common_voice_ba_26516775.mp3,common_voice_ba_26516775.mp3,Bashkir,bak_Cyrl,bak,Cyrl,Мин был театрҙа асылғандан бирле эшләйем!,min byl teatrza asylghandan birle eshleiem,4.176,"14,86,205,0,157,115,96,0,119,39,33,73,10,90,33,0,145,128,19,44,124,115,233,205,205,113,14,0,88,245,167,69,138,0,20,240,111,205,254,227,6,110"
,/ssd2/sangmin/datasets/commonvoice22/Bashkir/cv-corpus-22.0-2025-06-20/ba/clips/common_voice_ba_26517422.mp3,common_voice_ba_26517422.mp3,Bashkir,bak_Cyrl,bak,Cyrl,Күптән коньяк эскән юҡ ине!,kupten konyak esken yuk ine,3.456,"147,64,232,151,254,205,0,147,33,160,101,9,68,0,114,128,147,9,160,0,39,120,124,0,245,210,57"
,/ssd2/sangmin/datasets/commonvoice22/Bashkir/cv-corpus-22.0-2025-06-20/ba/clips/common_voice_ba_26517856.mp3,common_voice_ba_26517856.mp3,Bashkir,bak_Cyrl,bak,Cyrl,"Һай, улым!",shhai ulym,2.268,"32,32,28,113,86,0,64,217,254,14"
,/ssd2/sangmin/datasets/commonvoice22/Bashkir/cv-corpus-22.0-2025-06-20/ba/clips/common_voice_ba_26478956.mp3,common_voice_ba_26478956.mp3,Bashkir,bak_Cyrl,bak,Cyrl,Ҡояш кеүек балҡыған атай кеше көлөп башын һелкеп тик торҙо.,koyash keuek balkyghan atai keshe kolop bashyn shhelkep tik torzo,5.688,"147,216,39,113,207,240,0,147,19,237,191,180,0,157,117,139,147,19,124,99,113,160,0,178,198,254,37,0,147,190,134,255,254,0,147,19,69,44,25,0,157,74,179,240,16,101,0,32,32,138,217,96,147,19,68,0,119,86,75,0,73,31,84,90,24"
,/ssd2/sangmin/datasets/commonvoice22/Bashkir/cv-corpus-22.0-2025-06-20/ba/clips/common_voice_ba_26498210.mp3,common_voice_ba_26498210.mp3,Bashkir,bak_Cyrl,bak,Cyrl,"Бөтөнләй бер шөғөлһөҙ ятҡансы, элекке ғәҙәт буйынса крәҫтиән әҙме-күпме мал тота инде.",botonlei ber shogholshhoz yatkansy elekke ghezet buiynsa krestien ezmekupme mal tota inde,8.496,"13,37,172,107,101,12,245,245,0,73,254,10,0,168,255,120,32,4,112,12,241,32,32,19,93,0,39,114,73,147,9,98,128,19,0,53,69,190,68,25,183,0,32,32,74,42,9,68,0,193,200,216,50,98,128,254,0,73,87,114,111,73,39,254,101,0,57,42,101,256,147,64,198,186,60,0,78,74,217,0,73,114,3,256,0,190,248,198,6"
,/ssd2/sangmin/datasets/commonvoice22/Bashkir/cv-corpus-22.0-2025-06-20/ba/clips/common_voice_ba_26509432.mp3,common_voice_ba_26509432.mp3,Bashkir,bak_Cyrl,bak,Cyrl,"Ете ҡыҙбыҙ, сәскәнең ете тажындай балҡып торабыҙ.",ete kyzbyz seskenen ete tazhyndai balkyp torabyz,4.968,"37,73,254,0,73,138,90,157,117,85,0,128,254,128,73,115,101,254,227,0,245,73,245,0,73,9,179,243,19,248,242,9,37,0,157,117,96,73,44,68,0,1,178,181,74,242,74,25"
,/ssd2/sangmin/datasets/commonvoice22/Bashkir/cv-corpus-22.0-2025-06-20/ba/clips/common_voice_ba_26510116.mp3,common_voice_ba_26510116.mp3,Bashkir,bak_Cyrl,bak,Cyrl,— Уныһын хоҙай үҙе генә белә.,unyshhyn khozai uze gene bele,3.276,"188,160,115,99,32,191,191,101,0,232,43,31,232,9,245,0,64,242,245,0,221,245,170,65,0,13,65,69,24"
,/ssd2/sangmin/datasets/commonvoice22/Bashkir/cv-corpus-22.0-2025-06-20/ba/clips/common_voice_ba_26517037.mp3,common_voice_ba_26517037.mp3,Bashkir,bak_Cyrl,bak,Cyrl,Бына ошо була инде экологик ҡағиҙәләрҙе боҙоу.,byna osho bula inde ekologik kaghizelerze bozou,4.716,"150,19,101,191,0,249,240,240,191,0,157,214,69,74,0,57,101,88,163,0,190,147,76,69,51,232,19,4,0,73,76,124,124,37,232,138,69,9,84,211,178,0,198,19,75,24,24"
,/ssd2/sangmin/datasets/commonvoice22/Bashkir/cv-corpus-22.0-2025-06-20/ba/clips/common_voice_ba_26111301.mp3,common_voice_ba_26111301.mp3,Bashkir,bak_Cyrl,bak,Cyrl,Икеһе лә ҡойолған ҡарға ҡарап һоҡланып ҡатып ҡалдылар.,ikeshhe le koiolghan kargha karap shhoklanyp katyp kaldylar,5.256,"53,198,254,205,32,138,50,0,69,74,0,147,64,216,249,69,124,103,9,160,0,73,76,10,124,124,113,0,147,9,181,9,232,0,251,185,43,44,72,200,117,160,191,25,0,147,117,192,19,25,0,147,117,69,80,120,69,74,10"
,/ssd2/sangmin/datasets/commonvoice22/Bashkir/cv-corpus-22.0-2025-06-20/ba/clips/common_voice_ba_26112393.mp3,common_voice_ba_26112393.mp3,Bashkir,bak_Cyrl,bak,Cyrl,"Мин хәҙер бынау малайға материалдар һайлашып ҡына бөтәм дә, эшкә тотонорбоҙ.",min khezer bynau malaigha materialdar shhailashyp kyna botem de eshke totonorboz,5.76,"150,86,205,0,32,43,115,237,31,181,0,157,9,160,120,44,0,78,103,69,233,57,124,233,117,0,78,103,119,19,87,138,74,69,250,117,167,0,32,32,32,76,146,69,114,240,255,22,75,0,147,9,160,178,0,157,19,198,113,101,0,80,74,0,37,240,111,147,9,0,211,116,68,40,210,178,96,157,231,128"
,/ssd2/sangmin/datasets/commonvoice22/Bashkir/cv-corpus-22.0-2025-06-20/ba/clips/common_voice_ba_26150362.mp3,common_voice_ba_26150362.mp3,Bashkir,bak_Cyrl,bak,Cyrl,"— Үҙем дә тотҡарлай алам ауылдыҡыларҙы, Кесе Туған.",uzem de totkarlai alam auyldykylarzy kese tughan,4.716,"64,90,37,101,0,142,115,0,211,231,75,198,117,10,69,9,57,0,117,69,115,186,0,117,124,249,96,80,58,73,200,69,9,84,90,178,0,147,138,7,111,0,73,120,124,103,74,210"
,/ssd2/sangmin/datasets/commonvoice22/Bashkir/cv-corpus-22.0-2025-06-20/ba/clips/common_voice_ba_26164745.mp3,common_voice_ba_26164745.mp3,Bashkir,bak_Cyrl,bak,Cyrl,Оҙаҡламай ул да килеп етте.,ozaklamai ul da kilep ette,3.24,"117,90,117,25,217,117,78,113,254,0,64,98,0,80,9,0,147,107,69,190,68,0,245,68,73,57"
,/ssd2/sangmin/datasets/commonvoice22/Bashkir/cv-corpus-22.0-2025-06-20/ba/clips/common_voice_ba_26217419.mp3,common_voice_ba_26217419.mp3,Bashkir,bak_Cyrl,bak,Cyrl,Һин ниндәй бөжәктәрҙе беләһең?,shhin nindei bozhekterze beleshhen,3.276,"185,185,53,86,101,0,101,86,101,250,254,37,0,157,19,243,43,9,4,211,9,87,237,22,0,157,114,69,74,24,32,116,116,110"
,/ssd2/sangmin/datasets/commonvoice22/Bashkir/cv-corpus-22.0-2025-06-20/ba/clips/common_voice_ba_26487741.mp3,common_voice_ba_26487741.mp3,Bashkir,bak_Cyrl,bak,Cyrl,Ал хәҙер үк!,al khezer uk,2.736,"188,191,0,32,43,33,90,9,181,0,249,147"
,/ssd2/sangmin/datasets/commonvoice22/Bashkir/cv-corpus-22.0-2025-06-20/ba/clips/common_voice_ba_26489117.mp3,common_voice_ba_26489117.mp3,Bashkir,bak_Cyrl,bak,Cyrl,"Юҡ, бында ниндәйҙер сер бар.",yuk bynda nindeizer ser bar,3.528,"227,188,192,0,157,117,14,170,115,0,101,86,101,88,138,37,80,31,179,0,168,138,181,0,157,74,102"
,/ssd2/sangmin/datasets/commonvoice22/Bashkir/cv-corpus-22.0-2025-06-20/ba/clips/common_voice_ba_26490111.mp3,common_voice_ba_26490111.mp3,Bashkir,bak_Cyrl,bak,Cyrl,"Исмаһам, бер шиғыр һөйлә, йәки йыр йырла.",ismashham ber shighyr shhoile ieki iyr iyrla,3.78,"53,179,78,233,32,32,233,113,92,0,157,254,205,0,240,255,19,124,103,31,167,0,32,32,138,37,50,69,57,0,39,254,192,19,0,106,138,87,0,39,37,84,69,74"
,/ssd2/sangmin/datasets/commonvoice22/Bashkir/cv-corpus-22.0-2025-06-20/ba/clips/common_voice_ba_26490532.mp3,common_voice_ba_26490532.mp3,Bashkir,bak_Cyrl,bak,Cyrl,"Үҙең дә бит һис тә кешесә һөйләшмәйһең, киләһең дә эт кеүек талаша башлайһың...",uzen de bit shhis te keshese shhoileshmeishhen kileshhen de et keuek talasha bashlaishhyn,5.328,"216,90,191,205,0,250,115,0,157,37,211,0,32,109,107,86,164,0,211,115,0,147,19,240,255,37,196,9,0,32,32,183,245,217,170,114,240,111,40,65,65,6,32,65,6,61,0,147,138,170,113,191,32,254,16,61,0,88,138,0,49,68,0,147,19,51,42,4,0,211,178,69,178,240,43,113,0,157,31,240,111,217,9,254,20,32,19,60,34"
,/ssd2/sangmin/datasets/commonvoice22/Bashkir/cv-corpus-22.0-2025-06-20/ba/clips/common_voice_ba_26493666.mp3,common_voice_ba_26493666.mp3,Bashkir,bak_Cyrl,bak,Cyrl,"Доктор ҡысҡыра-ҡысҡыра аҙыҡ-түлек һәм дары ҡалдырғанды, уларҙы нисек табырға икәнлеген аңлатты.",doktor kyskyrakyskyra azyktulek shhem dary kaldyrghandy ularzy nisek tabyrgha ikenlegen anlatty,6.156,"80,120,147,211,31,96,0,221,19,164,147,9,181,113,147,231,128,147,115,167,33,0,117,80,19,4,211,245,106,37,42,0,32,32,28,44,61,0,88,9,181,191,0,73,117,217,91,19,181,124,233,117,160,88,245,0,235,130,33,205,192,113,0,101,86,164,4,25,0,211,9,157,19,84,124,76,9,0,37,221,9,101,170,65,138,245,66,0,28,35,103,114,68,73,6"
,/ssd2/sangmin/datasets/commonvoice22/Bashkir/cv-corpus-22.0-2025-06-20/ba/clips/common_voice_ba_26462495.mp3,common_voice_ba_26462495.mp3,Bashkir,bak_Cyrl,bak,Cyrl,"Тик Әнүәр ҡосағынан ебәрергә ашыҡманы, ул ишетмәне.",tik enuer kosaghynan ebererge ashykmany ul ishetmene,3.78,"211,86,221,0,254,160,159,254,191,0,215,214,164,115,124,117,117,170,76,101,0,22,157,19,181,245,37,124,9,0,28,240,240,58,4,78,140,14,8,0,64,77,0,53,240,240,37,211,78,65,210,6"
,/ssd2/sangmin/datasets/commonvoice22/Bashkir/cv-corpus-22.0-2025-06-20/ba/clips/common_voice_ba_26463486.mp3,common_voice_ba_26463486.mp3,Bashkir,bak_Cyrl,bak,Cyrl,Ошо юбка барамы?,osho yubka baramy,1.836,"214,109,240,37,0,39,22,192,147,44,0,157,233,167,113,78,24"
,/ssd2/sangmin/datasets/commonvoice22/Bashkir/cv-corpus-22.0-2025-06-20/ba/clips/common_voice_ba_26463697.mp3,common_voice_ba_26463697.mp3,Bashkir,bak_Cyrl,bak,Cyrl,Ҡайҙа әле?,kaiza ele,1.692,"147,9,37,232,254,0,254,217,254"
,/ssd2/sangmin/datasets/commonvoice22/Bashkir/cv-corpus-22.0-2025-06-20/ba/clips/common_voice_ba_26463973.mp3,common_voice_ba_26463973.mp3,Bashkir,bak_Cyrl,bak,Cyrl,Ҡул аҫтындағы халыҡтар уны ныҡ ихтирам итә.,kul astyndaghy khalyktar uny nyk ikhtiram ite,3.528,"215,214,77,0,44,203,4,40,61,80,74,124,124,19,0,32,32,19,69,72,4,211,9,10,0,64,14,120,0,210,58,25,0,53,203,4,128,107,167,74,14,0,85,198,57"
,/ssd2/sangmin/datasets/commonvoice22/Bashkir/cv-corpus-22.0-2025-06-20/ba/clips/common_voice_ba_26487127.mp3,common_voice_ba_26487127.mp3,Bashkir,bak_Cyrl,bak,Cyrl,"Тентеү ойошторһаҡ, үҙеңә оят булыр.",tenteu oioshtorshhak uzene oyat bulyr,4.428,"211,57,101,198,19,77,0,216,245,20,109,240,211,19,167,32,32,113,58,232,0,64,91,245,14,99,0,19,39,33,232,0,157,77,104,74,167"
,/ssd2/sangmin/datasets/commonvoice22/Bashkir/cv-corpus-22.0-2025-06-20/ba/clips/common_voice_ba_26487401.mp3,common_voice_ba_26487401.mp3,Bashkir,bak_Cyrl,bak,Cyrl,Өс сәғәт элек.,os seghet elek,4.248,"37,179,0,128,33,124,124,74,68,0,53,69,245,68"
,/ssd2/sangmin/datasets/commonvoice22/Bashkir/cv-corpus-22.0-2025-06-20/ba/clips/common_voice_ba_26488323.mp3,common_voice_ba_26488323.mp3,Bashkir,bak_Cyrl,bak,Cyrl,Ә иртәгәһенә һалым агенты Николай ярҙамсыһы Митхун менән килеп тә етте.,e irtegeshhene shhalym agenty nikolai yarzamsyshhy mitkhun menen kilep te ette,5.868,"53,0,183,84,198,138,124,245,57,32,50,160,101,254,0,32,168,113,113,188,191,78,0,233,26,254,160,192,19,0,101,37,73,117,159,117,227,0,39,165,87,237,117,35,168,19,231,32,19,245,0,14,245,68,215,200,249,101,0,78,19,170,256,50,0,198,183,106,22,68,0,211,65,0,190,68,193,6"
,/ssd2/sangmin/datasets/commonvoice22/Bashkir/cv-corpus-22.0-2025-06-20/ba/clips/common_voice_ba_26488651.mp3,common_voice_ba_26488651.mp3,Bashkir,bak_Cyrl,bak,Cyrl,Үҙемдең йөрәк тибә ләһә.,uzemden iorek tibe leshhe,3.348,"64,80,19,61,88,19,61,0,39,245,167,9,192,0,119,183,157,9,0,69,74,32,168,115,33"
,/ssd2/sangmin/datasets/commonvoice22/Bashkir/cv-corpus-22.0-2025-06-20/ba/clips/common_voice_ba_26489559.mp3,common_voice_ba_26489559.mp3,Bashkir,bak_Cyrl,bak,Cyrl,Ул бит Мәскәүҙә йәшәй.,ul bit meskeuze ieshei,2.7,"64,249,0,180,37,93,0,78,9,164,196,120,249,80,138,0,39,254,109,240,57,6"
,/ssd2/sangmin/datasets/commonvoice22/Bashkir/cv-corpus-22.0-2025-06-20/ba/clips/common_voice_ba_26457993.mp3,common_voice_ba_26457993.mp3,Bashkir,bak_Cyrl,bak,Cyrl,Ҡунаҡҡа саҡырырға инек.,kunakka sakyryrgha inek,2.52,"147,64,101,117,25,73,117,0,128,9,73,31,10,10,181,124,43,74,0,227,210,6,147"
,/ssd2/sangmin/datasets/commonvoice22/Bashkir/cv-corpus-22.0-2025-06-20/ba/clips/common_voice_ba_26458388.mp3,common_voice_ba_26458388.mp3,Bashkir,bak_Cyrl,bak,Cyrl,Тегендә мәйет ята!,tegende meiet yata,2.988,"73,138,124,254,101,88,254,0,101,254,227,37,198,0,107,9,158,74"
,/ssd2/sangmin/datasets/commonvoice22/Bashkir/cv-corpus-22.0-2025-06-20/ba/clips/common_voice_ba_26458743.mp3,common_voice_ba_26458743.mp3,Bashkir,bak_Cyrl,bak,Cyrl,"Бәлки, минең атайымдыр?",belki minen ataiymdyr,2.736,"150,254,69,147,183,0,101,183,101,245,14,0,117,198,74,39,254,205,98,19,84"
,/ssd2/sangmin/datasets/commonvoice22/Bashkir/cv-corpus-22.0-2025-06-20/ba/clips/common_voice_ba_26459135.mp3,common_voice_ba_26459135.mp3,Bashkir,bak_Cyrl,bak,Cyrl,Ҡәнәғәтһеңме?,keneghetshhenme,2.556,"46,9,160,9,124,115,254,198,211,107,37,160,61,78,57"
,/ssd2/sangmin/datasets/commonvoice22/Bashkir/cv-corpus-22.0-2025-06-20/ba/clips/common_voice_ba_26465465.mp3,common_voice_ba_26465465.mp3,Bashkir,bak_Cyrl,bak,Cyrl,"Ҡыш булмаһа әгәр, билләһи, себен осҡаны ла ишетелер ине.",kysh bulmashha eger billeshhi seben oskany la isheteler ine,5.76,"147,9,240,4,0,242,214,77,78,188,32,32,43,76,0,114,26,65,84,0,150,183,69,69,57,32,32,183,6,0,128,19,157,138,101,0,231,128,73,19,210,120,0,69,99,0,53,240,240,182,211,245,69,19,87,0,50,210,24"
,/ssd2/sangmin/datasets/commonvoice22/Bashkir/cv-corpus-22.0-2025-06-20/ba/clips/common_voice_ba_25964138.mp3,common_voice_ba_25964138.mp3,Bashkir,bak_Cyrl,bak,Cyrl,"Донъяға тыуыуының, йәһәннәм уттарын үтеп, иленә ҡайтыуының хаҡын ҡайтарҙы.",donyagha tyuyuynyn ieshhennem uttaryn utep ilene kaityuynyn khakyn kaitarzy,7.776,"80,64,210,39,74,124,233,33,0,192,188,77,104,38,249,14,256,61,0,39,165,32,32,138,254,101,14,33,60,0,64,68,193,117,167,9,101,0,64,192,57,232,0,183,69,190,210,254,0,192,254,37,192,188,77,191,101,16,61,0,32,28,117,73,16,61,0,158,178,190,73,178,10,102,24"
,/ssd2/sangmin/datasets/commonvoice22/Bashkir/cv-corpus-22.0-2025-06-20/ba/clips/common_voice_ba_26409691.mp3,common_voice_ba_26409691.mp3,Bashkir,bak_Cyrl,bak,Cyrl,"Ни генә тимә, исемлек ҡағыҙында «атаһы» графаһына уның исеме яҙылған даһа.",ni gene time isemlek kaghyzynda atashhy grafashhyna unyn iseme yazylghan dashha,7.128,"101,183,0,26,138,170,57,0,119,183,101,254,0,53,128,40,210,133,19,72,0,73,113,124,191,31,243,16,98,88,33,0,28,198,76,24,32,19,99,0,192,167,117,203,233,32,32,19,16,170,74,0,171,210,120,60,0,37,128,37,101,106,0,39,9,91,120,44,124,233,117,98,0,88,113,32,168,115,99"
,/ssd2/sangmin/datasets/commonvoice22/Bashkir/cv-corpus-22.0-2025-06-20/ba/clips/common_voice_ba_26410291.mp3,common_voice_ba_26410291.mp3,Bashkir,bak_Cyrl,bak,Cyrl,"Һонтор Джондан ҡасып ҡотолоуыма ҡыуанып, мин был таныш булмаған урындарҙы ҡыҙыҡһынып ҡарап йөрөй башланым.",shhontor dzhondan kasyp kotolouyma kyuanyp min byl tanysh bulmaghan uryndarzy kyzykshhynyp karap ioroi bashlanym,9.0,"185,32,200,214,61,192,188,10,0,198,240,43,120,14,80,117,98,0,192,233,128,19,232,0,73,19,232,120,51,249,139,186,78,117,0,198,200,159,74,210,254,166,0,78,86,101,0,88,214,205,0,211,9,160,114,240,111,0,180,64,35,78,117,124,233,2,160,0,235,167,252,210,80,178,84,90,19,0,193,19,250,58,198,4,32,140,252,210,254,75,0,193,233,167,33,232,0,227,245,87,183,22,0,157,178,240,111,40,140,210,178,110"
,/ssd2/sangmin/datasets/commonvoice22/Bashkir/cv-corpus-22.0-2025-06-20/ba/clips/common_voice_ba_26481795.mp3,common_voice_ba_26481795.mp3,Bashkir,bak_Cyrl,bak,Cyrl,Ләкин альтернатив дәреслектәр эшләүсе яңы авторҙар коллективтары бик әҙ.,lekin alternativ dereslekter eshleuse yany avtorzar kollektivtary bik ez,7.488,"69,254,192,86,101,0,28,69,242,31,84,170,9,119,37,203,0,224,254,181,37,68,69,190,75,40,254,181,0,53,240,240,107,254,249,128,57,0,46,74,104,254,0,28,203,73,19,84,232,9,84,0,147,9,217,106,190,68,73,37,203,73,9,10,256,0,157,37,68,0,65,242"
,/ssd2/sangmin/datasets/commonvoice22/Bashkir/cv-corpus-22.0-2025-06-20/ba/clips/common_voice_ba_26497509.mp3,common_voice_ba_26497509.mp3,Bashkir,bak_Cyrl,bak,Cyrl,"Ә беҙ, атайым ни эшләрбеҙ?",e bez ataiym ni eshlerbez,3.96,"57,0,242,57,20,0,28,192,9,227,16,14,0,106,86,0,20,240,182,196,254,167,192,6,218"
,/ssd2/sangmin/datasets/commonvoice22/Bashkir/cv-corpus-22.0-2025-06-20/ba/clips/common_voice_ba_26447550.mp3,common_voice_ba_26447550.mp3,Bashkir,bak_Cyrl,bak,Cyrl,"Һеҙҙеңсә, уларҙың ҡайҙа үтеүе яҡшыраҡ?",shhezzense ularzyn kaiza uteue yakshyrak,3.708,"158,251,53,37,20,138,254,101,128,254,0,188,217,33,84,40,115,160,0,147,115,37,205,254,0,249,198,64,77,249,0,39,74,32,134,255,19,181,74,25"
,/ssd2/sangmin/datasets/commonvoice22/Bashkir/cv-corpus-22.0-2025-06-20/ba/clips/common_voice_ba_26497547.mp3,common_voice_ba_26497547.mp3,Bashkir,bak_Cyrl,bak,Cyrl,"Өфө, Благовещен, Яңауыл, Дүртөйлө, Шаран, Кушнаренко, Әлшәй, Борай, Туймазы, Мишкә...",ofo blagoveshchen yanauyl durtoilo sharan kushnarenko elshei borai tuimazy mishke,9.216,"37,109,57,0,157,159,233,221,9,90,227,179,164,240,240,19,14,0,39,33,101,74,104,77,217,0,193,64,84,73,183,183,69,57,0,240,255,2,10,154,160,0,193,64,240,111,101,33,87,254,98,73,19,0,254,69,240,240,138,227,0,242,188,10,74,227,0,193,64,245,78,145,128,74,0,78,183,240,79,73,57"
,/ssd2/sangmin/datasets/commonvoice22/Bashkir/cv-corpus-22.0-2025-06-20/ba/clips/common_voice_ba_26512980.mp3,common_voice_ba_26512980.mp3,Bashkir,bak_Cyrl,bak,Cyrl,"Фред, ҡоҙғондарың иҫәнме әле?",fred kozghondaryn isenme ele,3.42,"100,181,254,68,0,73,120,90,232,124,117,101,80,33,167,16,61,0,37,128,9,160,168,115,0,254,69,92"
,/ssd2/sangmin/datasets/commonvoice22/Bashkir/cv-corpus-22.0-2025-06-20/ba/clips/common_voice_ba_26515458.mp3,common_voice_ba_26515458.mp3,Bashkir,bak_Cyrl,bak,Cyrl,Был ваҡытта уның эргәһендә дуҫтары ла күп булғандыр.,byl vakytta unyn ergeshhende dustary la kup bulghandyr,4.716,"157,188,191,0,237,233,192,19,68,211,33,0,214,78,19,14,0,31,10,221,9,57,32,16,14,61,80,254,0,150,64,128,158,9,10,178,0,69,9,0,73,64,180,0,198,214,96,124,43,33,61,88,173,10"
,/ssd2/sangmin/datasets/commonvoice22/Bashkir/cv-corpus-22.0-2025-06-20/ba/clips/common_voice_ba_26516132.mp3,common_voice_ba_26516132.mp3,Bashkir,bak_Cyrl,bak,Cyrl,"Теләгем шул: ата-әсәлек бурысығыҙға яуаплы ҡарап, балаларығыҙҙы йылылыҡтан, һөйөүҙән мәхрүм итмәгеҙ.",telegem shul ataeselek burysyghyzgha yauaply karap balalaryghyzzy iylylyktan shhoiouzen mekhrum itmegez,8.568,"211,50,69,254,124,254,205,0,240,240,77,69,0,28,198,254,37,128,138,69,254,42,0,180,64,10,231,109,19,124,256,44,237,124,124,33,0,26,74,51,117,25,69,191,0,73,146,181,9,75,0,88,233,117,188,159,2,10,256,32,124,19,90,90,254,0,26,245,69,44,69,178,111,73,33,125,0,158,193,53,183,227,245,249,90,254,101,0,78,9,134,215,167,19,186,0,183,158,78,65,124,65,25"
,/ssd2/sangmin/datasets/commonvoice22/Bashkir/cv-corpus-22.0-2025-06-20/ba/clips/common_voice_ba_26490057.mp3,common_voice_ba_26490057.mp3,Bashkir,bak_Cyrl,bak,Cyrl,Сулаҡ апайымды етәкләп сығара башланы.,sulak apaiymdy eteklep syghara bashlany,3.456,"185,120,69,188,93,0,117,192,9,57,245,61,80,138,0,245,73,9,73,217,9,192,0,164,19,124,124,140,181,9,0,157,178,179,111,43,74,14,134"
,/ssd2/sangmin/datasets/commonvoice22/Bashkir/cv-corpus-22.0-2025-06-20/ba/clips/common_voice_ba_26492169.mp3,common_voice_ba_26492169.mp3,Bashkir,bak_Cyrl,bak,Cyrl,Беҙ йөҙ атты ҡала юлының беҙҙең комитетҡа боролған ерендә йөрөтәбеҙ.,bez ioz atty kala yulynyn bezzen komitetka borolghan erende iorotebez,6.048,"157,254,90,0,39,254,93,0,117,75,3,58,0,147,117,69,9,0,39,120,60,60,78,256,61,0,73,19,90,90,37,101,0,147,9,35,20,255,4,75,221,9,0,180,19,167,249,96,124,233,33,160,0,165,10,252,248,250,9,0,39,65,10,84,211,140,237,65,131"
,/ssd2/sangmin/datasets/commonvoice22/Bashkir/cv-corpus-22.0-2025-06-20/ba/clips/common_voice_ba_26492386.mp3,common_voice_ba_26492386.mp3,Bashkir,bak_Cyrl,bak,Cyrl,Урман сеймал сығанағы тип кенә ҡаралды.,urman seimal syghanaghy tip kene karaldy,3.42,"249,84,78,33,160,0,164,138,245,78,233,44,0,164,19,124,103,9,210,76,124,256,9,0,73,245,75,0,13,19,170,9,0,147,9,167,74,116,80,24"
,/ssd2/sangmin/datasets/commonvoice22/Bashkir/cv-corpus-22.0-2025-06-20/ba/clips/common_voice_ba_26494939.mp3,common_voice_ba_26494939.mp3,Bashkir,bak_Cyrl,bak,Cyrl,Нисек сантехник?,nisek santekhnik,2.52,"46,245,179,37,147,0,168,9,160,119,57,32,4,101,6,192"
,/ssd2/sangmin/datasets/commonvoice22/Bashkir/cv-corpus-22.0-2025-06-20/ba/clips/common_voice_ba_26129511.mp3,common_voice_ba_26129511.mp3,Bashkir,bak_Cyrl,bak,Cyrl,Үгеҙ мөгөҙөнән үгеҙ үлмәҫ.,ugez mogozonen ugez ulmes,3.276,"200,26,138,128,0,150,19,124,19,90,16,170,9,16,0,64,242,245,90,0,249,96,78,74,109"
,/ssd2/sangmin/datasets/commonvoice22/Bashkir/cv-corpus-22.0-2025-06-20/ba/clips/common_voice_ba_26407312.mp3,common_voice_ba_26407312.mp3,Bashkir,bak_Cyrl,bak,Cyrl,Йүгер кухняға!,iuger kukhnyagha,2.484,"227,64,26,254,181,0,192,214,32,111,40,39,9,124,124,74"
,/ssd2/sangmin/datasets/commonvoice22/Bashkir/cv-corpus-22.0-2025-06-20/ba/clips/common_voice_ba_26447025.mp3,common_voice_ba_26447025.mp3,Bashkir,bak_Cyrl,bak,Cyrl,— Был оҙайлы процесс.,byl ozaily protsess,3.132,"157,117,77,0,214,237,74,245,69,44,0,198,167,178,119,128,65,231,134"
,/ssd2/sangmin/datasets/commonvoice22/Bashkir/cv-corpus-22.0-2025-06-20/ba/clips/common_voice_ba_26488180.mp3,common_voice_ba_26488180.mp3,Bashkir,bak_Cyrl,bak,Cyrl,Һатып ала!,shhatyp ala,2.304,"32,32,32,28,198,19,42,0,117,159,74"
,/ssd2/sangmin/datasets/commonvoice22/Bashkir/cv-corpus-22.0-2025-06-20/ba/clips/common_voice_ba_26494900.mp3,common_voice_ba_26494900.mp3,Bashkir,bak_Cyrl,bak,Cyrl,Уны беренсе күргәндә мин малай ғына инем әле.,uny berense kurgende min malai ghyna inem ele,4.104,"249,101,191,0,242,138,87,19,231,128,37,0,147,64,181,221,19,248,211,9,0,78,183,14,0,132,117,159,9,245,0,124,112,252,170,65,0,65,210,65,237,0,178,69,65"
,/ssd2/sangmin/datasets/commonvoice22/Bashkir/cv-corpus-22.0-2025-06-20/ba/clips/common_voice_ba_26110013.mp3,common_voice_ba_26110013.mp3,Bashkir,bak_Cyrl,bak,Cyrl,"Ҡылысбаевтың уйынса, был дәрес балаларҙы бик ҡыҙыҡһындырырға тейеш ине.",kylysbaevtyn uiynsa byl deres balalarzy bik kyzykshhyndyryrgha teiesh ine,5.04,"147,19,51,249,179,157,113,191,203,68,120,202,0,249,245,14,61,128,74,0,242,214,191,0,80,115,87,114,243,0,157,117,51,51,69,9,84,90,254,0,157,183,201,0,147,19,180,58,192,4,32,19,16,14,88,19,10,256,58,124,140,9,0,192,65,65,190,240,240,0,107,210,24"
,/ssd2/sangmin/datasets/commonvoice22/Bashkir/cv-corpus-22.0-2025-06-20/ba/clips/common_voice_ba_26111636.mp3,common_voice_ba_26111636.mp3,Bashkir,bak_Cyrl,bak,Cyrl,Атай малы мал булмаҫ.,atai maly mal bulmas,2.268,"117,192,9,86,0,101,233,69,19,0,78,33,69,0,157,64,139,104,178,203"
,/ssd2/sangmin/datasets/commonvoice22/Bashkir/cv-corpus-22.0-2025-06-20/ba/clips/common_voice_ba_26150373.mp3,common_voice_ba_26150373.mp3,Bashkir,bak_Cyrl,bak,Cyrl,Таяҡта тай көсө бар.,tayakta tai koso bar,2.124,"73,9,165,9,232,211,113,0,192,9,57,0,147,19,164,37,0,157,9,181"
,/ssd2/sangmin/datasets/commonvoice22/Bashkir/cv-corpus-22.0-2025-06-20/ba/clips/common_voice_ba_26227928.mp3,common_voice_ba_26227928.mp3,Bashkir,bak_Cyrl,bak,Cyrl,— Кире әйләнеп килмәүе ысын.,kire eilenep kilmeue ysyn,2.628,"172,245,10,254,0,254,37,69,9,160,37,93,0,147,183,69,78,9,77,104,0,231,128,178,210"
,/ssd2/sangmin/datasets/commonvoice22/Bashkir/cv-corpus-22.0-2025-06-20/ba/clips/common_voice_ba_26329805.mp3,common_voice_ba_26329805.mp3,Bashkir,bak_Cyrl,bak,Cyrl,"Әмир еңә, кәнфитте Нуранияға бирә.",emir ene kenfitte nuraniyagha bire,4.428,"17,78,86,205,0,86,101,113,0,147,74,190,203,190,68,198,254,0,101,120,167,9,101,39,57,165,32,124,99,0,224,245,167,145"
,/ssd2/sangmin/datasets/commonvoice22/Bashkir/cv-corpus-22.0-2025-06-20/ba/clips/common_voice_ba_26446481.mp3,common_voice_ba_26446481.mp3,Bashkir,bak_Cyrl,bak,Cyrl,Ашарға икмәк булмағас?,ashargha ikmek bulmaghas,3.708,"28,240,255,9,84,84,181,113,0,37,232,40,33,93,0,180,214,139,78,117,155,43,33,128"
,/ssd2/sangmin/datasets/commonvoice22/Bashkir/cv-corpus-22.0-2025-06-20/ba/clips/common_voice_ba_26494532.mp3,common_voice_ba_26494532.mp3,Bashkir,bak_Cyrl,bak,Cyrl,Мин һинең менән һөйләшмәйем дә!,min shhinen menen shhoileshmeiem de,3.996,"150,86,101,0,32,32,86,50,101,191,60,0,78,254,254,254,57,0,232,25,216,216,50,69,254,240,182,78,33,254,14,61,0,242,74"
,/ssd2/sangmin/datasets/commonvoice22/Bashkir/cv-corpus-22.0-2025-06-20/ba/clips/common_voice_ba_26496150.mp3,common_voice_ba_26496150.mp3,Bashkir,bak_Cyrl,bak,Cyrl,Яков сағыу тауыш менән:,yakov saghyu tauysh menen,3.96,"53,113,73,33,203,0,128,9,32,32,188,77,0,193,74,77,188,240,240,0,150,57,133,110,110"
,/ssd2/sangmin/datasets/commonvoice22/Bashkir/cv-corpus-22.0-2025-06-20/ba/clips/common_voice_ba_26497784.mp3,common_voice_ba_26497784.mp3,Bashkir,bak_Cyrl,bak,Cyrl,Дорфа ҡылана.,dorfa kylana,3.096,"80,19,10,134,113,0,147,74,188,16,14,74"
,/ssd2/sangmin/datasets/commonvoice22/Bashkir/cv-corpus-22.0-2025-06-20/ba/clips/common_voice_ba_25938196.mp3,common_voice_ba_25938196.mp3,Bashkir,bak_Cyrl,bak,Cyrl,"Баланың нимәһелер ныҡ тарта ине Ғарифты, ул туҡтап ҡалды.",balanyn nimeshheler nyk tarta ine gharifty ul tuktap kaldy,4.788,"157,117,69,113,101,191,191,0,101,37,101,115,32,168,19,217,69,19,84,0,14,191,68,0,73,9,84,198,76,0,245,210,178,0,124,43,9,167,231,203,158,57,0,214,93,0,73,44,147,73,74,232,0,198,117,217,80,24"
,/ssd2/sangmin/datasets/commonvoice22/Bashkir/cv-corpus-22.0-2025-06-20/ba/clips/common_voice_ba_26130372.mp3,common_voice_ba_26130372.mp3,Bashkir,bak_Cyrl,bak,Cyrl,Бында нимә язылғанын аңлатығыҙсы.,bynda nime yazylghanyn anlatyghyzsy,4.536,"88,19,101,88,113,0,101,183,101,254,0,227,74,91,19,249,32,32,117,160,191,205,0,28,61,69,113,192,19,124,43,114,25,168,24"
,/ssd2/sangmin/datasets/commonvoice22/Bashkir/cv-corpus-22.0-2025-06-20/ba/clips/common_voice_ba_26197578.mp3,common_voice_ba_26197578.mp3,Bashkir,bak_Cyrl,bak,Cyrl,"Емелдәп торған ҡара осло ҡанаттары, ҡарҙан аҡ түштәре күҙҙе сағылдырырлыҡ ине.",emeldep torghan kara oslo kanattary karzan ak tushtere kuzze saghyldyryrlyk ine,7.596,"138,60,60,191,250,113,232,0,196,19,167,124,103,140,61,0,147,76,181,76,0,231,128,69,117,0,215,117,170,178,68,73,74,167,254,0,73,233,167,80,113,101,0,117,192,0,158,64,240,111,196,138,87,254,0,147,64,91,192,254,0,109,76,124,124,117,217,80,9,167,256,84,69,102,25,0,183,210,6"
,/ssd2/sangmin/datasets/commonvoice22/Bashkir/cv-corpus-22.0-2025-06-20/ba/clips/common_voice_ba_26204582.mp3,common_voice_ba_26204582.mp3,Bashkir,bak_Cyrl,bak,Cyrl,"Баҙар бай, кеҫә һай.",bazar bai kese shhai,3.276,"157,33,232,113,10,0,157,74,227,0,147,138,128,254,0,109,32,28,74,6"
,/ssd2/sangmin/datasets/commonvoice22/Bashkir/cv-corpus-22.0-2025-06-20/ba/clips/common_voice_ba_26205176.mp3,common_voice_ba_26205176.mp3,Bashkir,bak_Cyrl,bak,Cyrl,"Мин таштарҙы ла урынынан күсерә алам, бына күрерһең, йыуан ағасҡа әйләнермен.",min tashtarzy la urynynan kusere alam byna kurershhen iyuan aghaska eilenermen,6.12,"150,86,205,0,192,113,111,182,73,115,167,80,254,0,69,113,0,64,167,96,125,40,130,33,160,0,198,200,168,138,181,76,0,117,69,117,186,0,180,120,210,2,0,147,64,10,254,181,32,32,115,191,98,0,39,245,77,233,160,0,28,124,124,233,128,196,113,0,254,245,69,9,210,65,84,78,140,110"
,/ssd2/sangmin/datasets/commonvoice22/Bashkir/cv-corpus-22.0-2025-06-20/ba/clips/common_voice_ba_26098417.mp3,common_voice_ba_26098417.mp3,Bashkir,bak_Cyrl,bak,Cyrl,Өс көндән һуң өйөңә ысҡын.,os konden shhun oione yskyn,3.816,"37,128,0,73,19,160,242,254,205,0,32,32,214,60,61,0,53,227,37,101,74,0,19,128,73,74,110"
,/ssd2/sangmin/datasets/commonvoice22/Bashkir/cv-corpus-22.0-2025-06-20/ba/clips/common_voice_ba_26107804.mp3,common_voice_ba_26107804.mp3,Bashkir,bak_Cyrl,bak,Cyrl,ҺУҢҒЫ ҺҮҘ,shhunghy shhuz,2.844,"185,32,214,188,61,147,221,254,0,32,32,64,249,128"
,/ssd2/sangmin/datasets/commonvoice22/Bashkir/cv-corpus-22.0-2025-06-20/ba/clips/common_voice_ba_26488339.mp3,common_voice_ba_26488339.mp3,Bashkir,bak_Cyrl,bak,Cyrl,"Нәфисә лә шашҡан мәлде ҡулланып ҡалырға ашыҡтымы, наҙлап-һыйпап Рәсүлде сисендерә башланы.",nefise le shashkan melde kullanyp kalyrgha ashyktymy nazlapshhyipap resulde sisendere bashlany,8.64,"150,138,203,183,128,254,0,205,254,0,240,255,76,240,182,147,113,101,0,78,9,217,80,58,0,147,200,217,159,178,210,178,75,0,147,117,51,140,167,124,140,204,0,28,240,255,201,4,193,254,78,99,0,150,2,90,69,113,68,32,32,19,138,190,198,33,75,0,181,9,128,64,69,242,138,0,128,183,128,50,210,88,65,167,178,0,157,178,240,111,69,140,210,6"
,/ssd2/sangmin/datasets/commonvoice22/Bashkir/cv-corpus-22.0-2025-06-20/ba/clips/common_voice_ba_26495057.mp3,common_voice_ba_26495057.mp3,Bashkir,bak_Cyrl,bak,Cyrl,Теге донъянан булһа ла.,tege donyanan bulshha la,3.672,"193,57,221,254,0,211,254,160,39,9,170,9,160,0,242,214,69,32,32,74,117,0,69,24"
,/ssd2/sangmin/datasets/commonvoice22/Bashkir/cv-corpus-22.0-2025-06-20/ba/clips/common_voice_ba_26491343.mp3,common_voice_ba_26491343.mp3,Bashkir,bak_Cyrl,bak,Cyrl,Китәм мин был эштән!,kitem min byl eshten,3.024,"73,183,73,9,101,0,101,245,61,0,242,117,69,0,178,111,182,196,74,210"
,/ssd2/sangmin/datasets/commonvoice22/Bashkir/cv-corpus-22.0-2025-06-20/ba/clips/common_voice_ba_26492849.mp3,common_voice_ba_26492849.mp3,Bashkir,bak_Cyrl,bak,Cyrl,Шуны уйланымы?,shuny uilanymy,2.772,"240,255,200,160,9,0,249,216,69,74,210,44,78,99"
,/ssd2/sangmin/datasets/commonvoice22/Bashkir/cv-corpus-22.0-2025-06-20/ba/clips/common_voice_ba_26493154.mp3,common_voice_ba_26493154.mp3,Bashkir,bak_Cyrl,bak,Cyrl,Журналист күтәргән мәсьәләнең ыңғай хәл ителеүе һөҙөмтәһендә халыҡ бер бәләнән ҡотолдо.,zhurnalist kutergen meselenen ynghai khel iteleue shhozomteshhende khalyk ber belenen kotoldo,6.048,"60,8,64,84,170,9,106,37,128,182,0,147,200,211,19,245,124,9,160,0,78,103,128,19,256,256,170,16,98,0,28,61,124,124,9,231,0,32,32,9,163,0,4,73,138,170,8,77,216,0,32,32,19,245,87,19,248,73,65,32,32,252,160,101,80,115,0,109,215,117,69,58,198,0,157,19,96,0,157,165,69,256,170,256,96,0,147,49,73,120,69,69,24"
,/ssd2/sangmin/datasets/commonvoice22/Bashkir/cv-corpus-22.0-2025-06-20/ba/clips/common_voice_ba_26493505.mp3,common_voice_ba_26493505.mp3,Bashkir,bak_Cyrl,bak,Cyrl,Герой булһа ла.,geroi bulshha la,2.52,"26,19,10,188,37,0,198,64,69,32,32,117,74,0,237,24"
,/ssd2/sangmin/datasets/commonvoice22/Bashkir/cv-corpus-22.0-2025-06-20/ba/clips/common_voice_ba_26493777.mp3,common_voice_ba_26493777.mp3,Bashkir,bak_Cyrl,bak,Cyrl,Барак Обама Хәсән Раухониҙы килешеп йәшәргә саҡырҙы.,barak obama khesen raukhonizy kileshep iesherge sakyrzy,5.148,"88,103,167,9,198,0,28,157,233,186,233,0,32,32,114,164,254,160,0,167,117,51,215,215,214,14,183,90,37,0,147,107,69,20,240,255,37,68,0,39,165,240,255,19,167,124,9,0,128,178,25,173,178,232,24"
,/ssd2/sangmin/datasets/commonvoice22/Bashkir/cv-corpus-22.0-2025-06-20/ba/clips/common_voice_ba_26105340.mp3,common_voice_ba_26105340.mp3,Bashkir,bak_Cyrl,bak,Cyrl,Ир кеше ҡалтыранып алан-йолан ҡаранды.,ir keshe kaltyranyp alaniolan karandy,4.608,"227,87,0,147,107,128,255,19,0,73,214,180,192,19,181,117,210,19,232,0,74,69,33,160,39,19,69,74,61,0,198,117,181,140,61,88,6"
,/ssd2/sangmin/datasets/commonvoice22/Bashkir/cv-corpus-22.0-2025-06-20/ba/clips/common_voice_ba_26107071.mp3,common_voice_ba_26107071.mp3,Bashkir,bak_Cyrl,bak,Cyrl,Бына хикмәт!,byna khikmet,3.096,"157,9,14,74,0,240,255,37,68,78,9,192"
,/ssd2/sangmin/datasets/commonvoice22/Bashkir/cv-corpus-22.0-2025-06-20/ba/clips/common_voice_ba_26116722.mp3,common_voice_ba_26116722.mp3,Bashkir,bak_Cyrl,bak,Cyrl,"О, ҡеүәтле аллалар!",o keuetle allalar,3.636,"74,0,147,200,159,9,232,69,254,0,117,69,69,117,69,74,10"
,/ssd2/sangmin/datasets/commonvoice22/Bashkir/cv-corpus-22.0-2025-06-20/ba/clips/common_voice_ba_26126668.mp3,common_voice_ba_26126668.mp3,Bashkir,bak_Cyrl,bak,Cyrl,"Береһен ал да, береһен ҡуй!",bereshhen al da bereshhen kui,3.78,"157,57,10,57,231,32,19,252,61,0,33,188,0,42,19,0,150,9,10,114,231,32,19,16,14,0,147,64,227"
,/ssd2/sangmin/datasets/commonvoice22/Bashkir/cv-corpus-22.0-2025-06-20/ba/clips/common_voice_ba_26353794.mp3,common_voice_ba_26353794.mp3,Bashkir,bak_Cyrl,bak,Cyrl,"Ул саҡта һөлдәһен табып, ана, Митхунға күрһәтһәң, һыйырыңа теймәм.",ul sakta shholdeshhen tabyp ana mitkhungha kurshhetshhen shhyiyryna teimem,5.94,"77,205,0,164,117,232,211,115,0,99,32,19,217,69,80,9,57,32,19,16,98,0,73,117,180,19,68,0,117,101,74,0,150,183,73,215,200,214,61,124,124,117,0,192,200,167,84,32,76,114,192,59,32,76,113,205,0,213,213,17,216,227,245,10,178,14,9,0,198,183,245,78,74,61"
,/ssd2/sangmin/datasets/commonvoice22/Bashkir/cv-corpus-22.0-2025-06-20/ba/clips/common_voice_ba_25769537.mp3,common_voice_ba_25769537.mp3,Bashkir,bak_Cyrl,bak,Cyrl,"Аһ, ана Шәңгәрәй килә.",ashh ana shengerei kile,3.888,"33,74,32,241,0,28,101,33,0,128,255,19,61,250,9,167,138,37,0,221,37,69,24"
,/ssd2/sangmin/datasets/commonvoice22/Bashkir/cv-corpus-22.0-2025-06-20/ba/clips/common_voice_ba_26397952.mp3,common_voice_ba_26397952.mp3,Bashkir,bak_Cyrl,bak,Cyrl,Һеҙ уны яҡшы беләһегеҙ.,shhez uny yakshy beleshhegez,4.248,"46,32,138,254,93,0,64,101,74,0,39,117,192,109,240,19,0,157,19,69,9,114,32,245,190,124,190,75"
,/ssd2/sangmin/datasets/commonvoice22/Bashkir/cv-corpus-22.0-2025-06-20/ba/clips/common_voice_ba_26493222.mp3,common_voice_ba_26493222.mp3,Bashkir,bak_Cyrl,bak,Cyrl,"Эйе, ишле ғаиләне ҡарарға ла кәрәк бит әле.",eie ishle ghailene karargha la kerek bit ele,4.968,"57,39,57,0,53,240,111,69,254,0,124,124,9,245,69,9,101,254,0,73,233,167,113,10,124,233,117,0,69,9,0,147,165,167,9,68,0,237,190,192,0,74,69,65"
,/ssd2/sangmin/datasets/commonvoice22/Bashkir/cv-corpus-22.0-2025-06-20/ba/clips/common_voice_ba_26494798.mp3,common_voice_ba_26494798.mp3,Bashkir,bak_Cyrl,bak,Cyrl,Гәзит уҡыусыларҙы шуларҙың бер нисәүһе менән таныштырмаҡсымын.,gezit ukyusylarzy shularzyn ber niseushhe menen tanyshtyrmaksymyn,5.796,"26,138,243,37,192,0,191,68,64,249,109,44,69,33,167,237,254,0,240,255,200,69,33,84,91,19,61,0,157,9,10,0,101,183,128,9,51,249,32,19,19,0,78,19,160,9,61,0,192,117,186,19,240,111,196,19,10,78,117,232,164,19,78,116,210"
,/ssd2/sangmin/datasets/commonvoice22/Bashkir/cv-corpus-22.0-2025-06-20/ba/clips/common_voice_ba_26317252.mp3,common_voice_ba_26317252.mp3,Bashkir,bak_Cyrl,bak,Cyrl,Әсәһендә эшем юҡ.,eseshhende eshem yuk,3.42,"28,179,254,254,32,191,205,101,80,254,0,114,240,240,37,101,0,39,51,68"
,/ssd2/sangmin/datasets/commonvoice22/Bashkir/cv-corpus-22.0-2025-06-20/ba/clips/common_voice_ba_26336895.mp3,common_voice_ba_26336895.mp3,Bashkir,bak_Cyrl,bak,Cyrl,Улар мәктәптәрҙә атай-әсәй ҡатнашлығында һайлап алынды.,ular mektepterze ataiesei katnashlyghynda shhailap alyndy,4.86,"214,159,113,10,0,78,9,4,73,9,68,211,254,10,90,113,0,117,198,115,254,245,128,138,254,0,124,19,232,78,76,240,111,69,19,124,124,252,61,80,76,0,32,134,74,178,245,159,74,90,0,178,51,178,61,242,24"
,/ssd2/sangmin/datasets/commonvoice22/Bashkir/cv-corpus-22.0-2025-06-20/ba/clips/common_voice_ba_26337750.mp3,common_voice_ba_26337750.mp3,Bashkir,bak_Cyrl,bak,Cyrl,"Ә көслө егеттәргә, айырыуса ныҡышмалдарға, ярҙам итергә әҙербеҙ.",e koslo egetterge aiyryusa nykyshmaldargha yarzam iterge ezerbez,5.94,"9,0,73,19,179,12,191,0,37,124,49,68,73,76,181,124,74,0,28,227,245,167,249,249,128,9,0,150,44,73,19,240,240,78,233,51,80,76,10,124,233,33,0,39,165,167,80,76,78,0,37,73,19,10,26,76,0,9,73,138,10,90,6,218"
,/ssd2/sangmin/datasets/commonvoice22/Bashkir/cv-corpus-22.0-2025-06-20/ba/clips/common_voice_ba_26340771.mp3,common_voice_ba_26340771.mp3,Bashkir,bak_Cyrl,bak,Cyrl,"Алдан иҫкәртәм: миңә муйынсаҡһыҙ өйөм эләкһә, мин икенсене алам.",aldan iskertem mine muiynsakshhyz oiom elekshhe min ikensene alam,7.02,"117,188,80,33,160,0,245,128,147,76,84,73,74,110,0,150,183,101,33,0,78,214,227,19,98,128,117,25,32,32,19,249,80,0,245,227,245,78,0,65,69,76,192,221,32,115,113,0,101,183,101,0,53,147,37,98,128,37,101,115,0,117,69,117,186"
,/ssd2/sangmin/datasets/commonvoice22/Bashkir/cv-corpus-22.0-2025-06-20/ba/clips/common_voice_ba_26342003.mp3,common_voice_ba_26342003.mp3,Bashkir,bak_Cyrl,bak,Cyrl,"Похмель, үләм!..",pokhmel ulem,2.34,"193,9,240,255,78,227,69,0,64,250,33,14"
,/ssd2/sangmin/datasets/commonvoice22/Bashkir/cv-corpus-22.0-2025-06-20/ba/clips/common_voice_ba_26353288.mp3,common_voice_ba_26353288.mp3,Bashkir,bak_Cyrl,bak,Cyrl,Утыҙ көндән бергә!,utyz konden berge,2.988,"64,211,191,205,0,147,19,101,80,33,101,0,157,19,84,250,74"
,/ssd2/sangmin/datasets/commonvoice22/Bashkir/cv-corpus-22.0-2025-06-20/ba/clips/common_voice_ba_26353612.mp3,common_voice_ba_26353612.mp3,Bashkir,bak_Cyrl,bak,Cyrl,Әҙерәк кенә ята биргәндә инде...,ezerek kene yata birgende inde,3.888,"28,242,112,167,113,232,0,147,37,101,33,0,46,9,192,115,0,91,173,10,26,115,160,80,254,0,160,101,88,254"
